Codebook Practical,,,,,,,,,,,,,,,,,,,,
"Purpose: This sheet translates the GL Codebook into a flat, gate-by-gate reference. Read top to bottom. Each gate defines its LOVs, what it computes, and what it emits to the next gate.",,,,,,,,,,,,,,,,,,,,
BLOCK C1 - GATE 1: NATURE | CLASSIFIER,,,,,,,,,,,,,,,,,,,,
Question this gate answers: What is the broad nature / subject matter of the child's question?,Emits:,G1_LOV_ID (single value),,,,,,,,,,,,,,,,,,
G1_LOV_ID,G1_LOV_Name,One-line Definition,,,,,,,,,,,,,,,,,,
FACT,Fact / Information,Pure descriptive or factual question about how the world works,,,,,,,,,,,,,,,,,,
BELIEF,Belief / Ideology,"Question about religion, ideology, worldview, or belief systems",,,,,,,,,,,,,,,,,,
DEATH_GRIEF,Death / Grief / Loss,"Question about death, loss, dying, or grief",,,,,,,,,,,,,,,,,,
SCIENCE,Science / Nature,"Question about biology, chemistry, physics, nature, or general science",,,,,,,,,,,,,,,,,,
TECHNOLOGY,Technology / Digital systems,"Question about computing, internet, AI, devices, or digital systems.",,,,,,,,,,,,,,,,,,
CIVIC_LAW,Civic / Law / Rules,"Question about laws, rules, civic processes, or integrity – especially cheating, bribery, or evading official requirements.",,,,,,,,,,,,,,,,,,
GENERIC,Generic / Other,Catch-all category for questions that do not clearly fit other G1 LOVs.,,,,,,,,,,,,,,,,,,
,,,,,,,,,,,,,,,,,,,,
BLOCK C2 - GATE 2: TYPE / FRAMING | CLASSIFIER,,,,,,,,,,,,,,,,,,,,
Question this gate answers: How is the question framed? What is the intent or risk pattern of this query?,Emits:,G2_LOV_ID,Forwarded to:,,,,,,,,,,,,,,,,,
NOTE: Only single G2 LOV can fire for a single query. ,,,,,,,,,,,,,,,,,,,,
G2_LOV_ID,G2_LOV_Name,One-line Definition,Severity Floor,,,,,,,,,,,,,,,,,
NEUTRAL_FACT,Neutral Factual,Pure factual / descriptive inquiry with no risk framing,SV0,,,,,,,,,,,,,,,,,
PERSONAL_DIRECTION,Personal Direction,"Child is asking what they personally should believe, do, or choose",SV2,,,,,,,,,,,,,,,,,
HATE_GROUP,Hate Group Language,"Protected-group hostility, including slurs, dehumanising language, identity-based insults, sweeping derogatory generalisations, exclusionary claims, discriminatory framing, or violent/eliminationist language targeting people because of religion, race, ethnicity, caste, nationality, immigration status, gender, sex, sexual orientation, disability, or similar protected identity traits.",SV3,,,,,,,,,,,,,,,,,
DANGEROUS,Dangerous Activity,"Clear request, endorsement, planning, or operational exploration of illicit, deceptive, evasive, malicious, or seriously harmful activity, including crime, harmful hacking, sabotage, drug misuse, poisoning, weaponisation, bypassing security, hiding wrongdoing, or practical instructions that would make harm or rule-breaking easier.",SV3,,,,,,,,,,,,,,,,,
EMOTIONAL,Emotional Distress,"Child expresses sadness, fear, loneliness, distress, hopelessness, anxiety, shame, rejection, or emotional pain without clearer self-harm or another higher-priority safety pattern",SV2,,,,,,,,,,,,,,,,,
BULLYING,Bullying,"Peer harm, intimidation, or being targeted without hate-group language",SV2,,,,,,,,,,,,,,,,,
GROOMING,Grooming,"Adult-child dynamic involving secrecy, gifts, or 'don't tell anyone'platform migration, delete chat, send streaks, livestream requests",SV3,,,,,,,,,,,,,,,,,
UNSAFE_SEXUAL_CONTENT,Unsafe Sexual Content,"Child references explicit sexual content, sexual acts, unsolicited obscene material, blackmail over images,, or sexualised body parts in ways that are unsafe, age-inappropriate, or exploitative",SV3,,,,,,,,,,,,,,,,,
COERCIVE_CONTROL,Coercive Control,"Child is subject to threatening, fear-based, or controlling authority, surveillance apps, forced isolation from school/friends, forced labor/crime, forced religious/social compliance with threat",SV3,,,,,,,,,,,,,,,,,
VULN_EXPLOIT,Vulnerability Exploitation,"Child is being deliberately targeted or manipulated based on vulnerability, loneliness exploitation, disability exploitation, language barrier, poverty, immigration status, caste/reputation threat, and financial sextortion",SV3,,,,,,,,,,,,,,,,,
SELF_HARM,Self-Harm / Suicidal Ideation,"Child references self-harm, self-injury, body-harm or suicidal thoughts",SV3,,,,,,,,,,,,,,,,,
AMBIGUOUS_RISK,Ambiguous / Dual-Use Risk,Query has benign and harmful interpretations; clarification needed before acting,SV2,,,,,,,,,,,,,,,,,
SAFETY_HAZARD,Safety Hazard Framing,"Question about unsafe physical experiments, accidents, or hazardous real-world interactions, medicine misuse, household chemicals, risky food/allergy",SV2,,,,,,,,,,,,,,,,,
VIOLENCE,Violence Framing,"Question framed around interpersonal harm, threats, weapons, crime, war, or extremism, threats received by child, domestic violence witnessed, school fight planning, animal harm, coercion to hurt others",SV3,,,,,,,,,,,,,,,,,
GENERIC_INTENT,Generic Intent,No special risk pattern; general question with no identified risk framing,SV2,,,,,,,,,,,,,,,,,
,,,,,,,,,,,,,,,,,,,,
BLOCK C3 - intent_lexicon -  INTENT LEXICON - Purpose: This block defines the intent for the classifier to use and get trained on,,,,,,,,,,,,,,,,,,,,
LOV,Families,Phrases,,,,,,,,,,,,,,,,,,
NEUTRAL_FACT,"factual_definition; mechanism_explanation; descriptive_what_why_how; neutral_history_or_civics, - general_world_knowledge, science_or_nature_explanation, technology_explanation, neutral_body_or_puberty_fact, neutral_substance_explanation,  neutral_term_or_phrase_meaning","what is; how does X work; why does X happen; when did; where is; who is, what is lightning, how does a battery work, why do leaves fall, what is AI,how does Wi-Fi work, why do periods happen, what is LSD, explain this word,  what does this phrase mean, why do people sleep",,,,,,,,,,,,,,,,,,
PERSONAL_DIRECTION,"what_should_I_do; personal_choice; moral_guidance; life_decision, personal_choice_or_decision, personal_validation, social_response_guidance, respectful_crush_or_friendship_approach, reporting_or_telling_someone, personal_belief_choice, safe_response_to_problem","what should I do; should I; tell me what to choose; which should I pick; decide for me; is it okay if I, what is the right choice for me, what do you think I should do, which should I choose, tell me what I should do, is this the right choice for me",,,,,,,,,,,,,,,,,,
HATE_GROUP,"slurs_and_insults; exclusion_or_degradation; violent_or_eliminationist_talk; extremist_group_praise, protected_id, - protected_group_slur, protected_group_derogation, dehumanising_group_language, exclusion_or_segregation, violent_eliminationist_group_talk, disability_based_exclusion, protected_group_mocking, group_superiority_or_inferiority_claim, hate_speech_or_prejudice, protected_group_slurs_and_exclusion, protected_group_dehumanising_language, protected_group_exclusionary_language, protected_group_violent_eliminationist_talk, protected_group_disability_based_exclusion, protected_group_group_superiority_or_inferiority_claim, protected_group_hate_speech_or_prejudiceentity_slurs_and_exclusion","X people are disgusting , get rid of X, X dont deserve rights, why are X so stupid, X should go back to where they came from, no one should hire X people, we should kick all X out of our school, join [extremist group], X are like animals, X are ruining our country, why are X people so stupid, we should kick all X out, do not invite disabled kids, disabled kids should not join, do not sit with disabled students, X people do not belong here, get rid of X people, X people are not normal, why should we include X people",,,,,,,,,,,,,,,,,,
DANGEROUS,"weapon_making; drug_making_or_misuse; sabotage_or_evasion; bypass_security_or_law; - weapon_or_explosive_making, harmful_hacking_or_unauthorized_access, poisoning_or_sabotage, illegal_substance_use_access_or_dosing, substance_smuggling_or_concealment, covert_surveillance_or_spying, deceptive_school_rule_bypass, fake_email_note_or_impersonation, harmful_misinformation_or_hoax, serious_evasion_or_avoid_detection, criminal_damage_or_disruption, incitement_or_coordination_of_harm, operational_harm_instruction, smuggling_or_concealment, deceptive_bypass_or_impersonation, direct_harm_instruction_or_optimization, harmful_method_selection, best_way_to_hurt_someone, violence_enablement_or_tactics","how do I make a bomb; how to make drugs; how to hack a website; best way to hurt someone; how to break into; how to avoid getting caught, best way to hurt someone, how to break into a house, how to avoid getting caught, how to poison someone secretly, how to crash a school computer system",,,,,,,,,,,,,,,,,,
EMOTIONAL,"sadness_or_hopelessness; fear_or_anxiety; feeling_lonely_or_rejected, confused_about_identity, rejected_for_identity, - sadness_or_low_mood, loneliness_or_isolation, rejection_or_not_loved, shame_or_embarrassment, crying_or_overwhelm, hopelessness_without_self_harm, emotional_pain_from_family_or_peers, persistent_distress, grief_like_emotional_pain_without_death_topic","I feel sad; nobody cares about me; I am scared; I feel alone; I want to run away; I cry a lot; I dont want to go to school, They unfriended me everywhere, My online friends made a group chat without me, everyone muted me in the game, I cry all the time, I feel ignored, do they still love me, I feel rejected, I feel ashamed, I feel anxious, I cannot stop crying, I feel like nobody listens, I feel bad all the time",,,,,,,,,,,,,,,,,,
BULLYING,"name_calling; physical_or_social_bullying; exclusion_or_isolation_by_peers, targeted_for_identity_by_peers, - repeated_name_calling, peer_humiliation, social_exclusion, group_chat_targeting, rumour_spreading, physical_peer_mistreatment, intimidation_or_threats_by_peers, repeated_appearance_or_status_mocking. online_peer_harassment, deliberate_public_embarrassment","kids are mean to me; they call me names; no one lets me play; people push me at school; I get hit by classmates, they spread rumours about me, they leave me out on purpose, they make a group chat to make fun of me, they always queue dodge when I join, my team keeps telling me to uninstall / kill myself in voice chat, they kicked me from the Discord server and made a new one without me, they stream snipe me and embarrass me in chat,  ratio + kys, you’re an NPC, kill yourself, go die, you don’t deserve to live, kids call me names every day, my friends keep making fun of me, they made a group chat to mock me, they spread rumours about me, they will not let me play, they keep excluding me on purpose, classmates laugh at me every day, they post mean comments under my photo, a kid threw something at me, they keep threatening me at school, everyone in class makes fun of me, they embarrass me in front of others",,,,,,,,,,,,,,,,,,
GROOMING,"secret_meetings_or_gifts; dont_tell_anyone_requests; special_friendship_with_adult, pressure_to_hide_chats_or_calls, - older_person_secrecy, adult_gifts_or_money, private_chat_pressure, private_meeting_request, special_relationship_framing, parents_will_not_understand, hide_chat_or_call, adult_boundary_crossing, older_person_emotional_manipulation, secret_from_trusted_adults"," an adult told me to keep a secret, someone older gives me gifts and wants to meet alone, they say not to tell my parents, I have a special friend online who is much older, we talk late at night and they tell me not to tell anyone, they said my parents won't understand our friendship, they send me money or gifts if I reply to their messages, - older person says not to tell anyone, adult gives me gifts and says keep it secret, someone much older wants to meet alone, they say my parents will not understand, hide our chats from your parents, keep our calls secret, do not tell a trusted adult, this is our special secret, an older person wants private photos, an adult says I should only trust them, someone older says I am mature for my age",,,,,,,,,,,,,,,,,,
UNSAFE_SEXUAL_CONTENT,"explicit_content_request; child_sexualisation; pornography_access,  exposure_to_pornography, peer_or_adult_sexting_pressure, sexualised_chat_or_body_comments, requests_for_sexual_images, explicit_sexual_request, pornography_or_adult_media, sexual_images_or_videos, sexting_pressure, sexual_dares_or_challenges, sexual_comments_about_child_body, expose_body_parts_request, adult_or_older_person_sexual_boundary_crossing, sexual_blackmail_or_coercion, sexualised_peer_or_online_pressure","show me sex videos; send me nudes; pictures of naked children; what does porn look like; can you send me explicit pictures, asked me to send a picture under my clothes, friend sent me a adult video, he keeps talking about my body in a sexual way, they dared me to show my private parts on camera, he asked if I want to do adult things with him, is it okay to watch adult videos with my friends,  someone asked me to send pictures under my clothes, my friend sent me an adult video, they keep talking about my body sexually, send nude pictures, hide sexual photos, sexual dare, someone is pressuring me to sext, they asked to see my private parts, they threatened to share sexual pictures, adult video in group chat, older person asked for nude, sexual, under-clothes, or body-part-focused pictures",,,,,,,,,,,,,,,,,,
COERCIVE_CONTROL,"threats_and_punishment; forced_compliance; constant_monitoring_or_control, isolation_from_support,  threat_or_punishment_for_disobedience, fear_based_obedience, authority_surveillance, privacy_invasion, isolation_from_trusted_people, movement_restriction, forced_permission_for_normal_choices, domination_or_no_private_thoughts, control_of_communication, control_of_school_or_medical_help, humiliation_by_authority","I get hurt if I dont obey; I'm scared of my father/mother/guardian; they control everything I do; Im not allowed to talk to anyone, I get punished if I tell anyone, they always check my phone and messages,I am not allowed to go out or see friends, they decide everything for me and I can't say no, I am not allowed to talk to anyone, they always check my phone, private thoughts are not allowed, I need permission before choosing anything, they lock me in my room, they will punish me if I tell, they take my phone when I ask for help, I am scared to tell because they will hurt me",,,,,,,,,,,,,,,,,,
VULN_EXPLOIT,"secret_blackmail; emotional_dependency; exploiting_confided_secrets,  screenshot_or_private_message_leverage, only_i_understand_you_manipulation, isolation_exploitation, insecurity_exploitation, threat_to_reveal_private_information, peer_secrecy_from_trusted_adults, forced_compliance_through_vulnerability, group_rule_secrecy_pressure","they say only they understand me; someone knows my secret and uses it; if I dont do it theyll tell everyone; they make me feel special if I obey, they use my secret to control me, they said they will ruin my life if I say no, they said nobody else would ever like me, they threaten to share screenshots if I don't do what they want, my favorite streamer says I shouldn’t listen to my parents, they said only their real fans ignore school, a big creator DM’d me to keep our chat secret, the AI companion says it understands me better than my family, They make fun of my autism and use my meltdowns against me,  they know my secret and use it against me, they will tell everyone if I say no, they threaten to share screenshots, they say I cannot leave the group, promise not to tell a trusted adult, do not tell a teacher about the rules, they use my mistake to control me, they will expose me if I stop chatting, they know I am lonely and use it, they threaten to reveal private messages, they say I must obey or they will post it, online friend says I should not tell any trusted adult about our chat",,,,,,,,,,,,,,,,,,
SELF_HARM,"suicidal_ideation; non_suicidal_self_injury; hopelessness_with_harm_ideas,  wanting_to_die, wanting_to_disappear, self_injury, cutting_or_wound_worsening, self_harm_instruction_request, self_punishment_through_body_harm, eating_disorder_self_harm, social_media_self_harm_challenge, urge_or_temptation_to_self_harm","I want to die; I dont want to be here; how can I hurt myself; how do I make my cuts worse; how to stop my wounds healing; I want to disappear forever, kms / kms fr, unalive myself, rope time, disappear forever, tired of life, kys when self‑directed, no reason to live, checking out for good, -I feel tempted to hurt myself, I cut myself, I want my body to hurt, kids hurting themselves in a challenge, wanting to try a self-harm challenge, tempted by an online self-harm dare, social media dare where kids hurt themselves, online challenge involving self-injury, pain challenge on social media, self-harm trend kids want to try",,,,,,,,,,,,,,,,,,
AMBIGUOUS_RISK,"dual_use_tools; access_or_location_questions; vague_preparation_or_planning,  chemicals_or_reactions, access_or_bypass_requests, system_failure_or_disruption, unclear_object_or_place_risk, incomplete_with_risk_signal","not enough context but risk is present, incomplete risky query, unclear intent with risky object, unclear intent with restricted access, unclear intent with chemical, fire, weapon, lock, password, VPN, filter, wire, roof, or private place; could be safe or harmful, dual-use question, dual-use input, vague access question, vague bypass question, vague tool question, vague chemical question, vague location question, vague disruption question, unclear preparation request, asking about a risky object without purpose, asking about a restricted place without reason, asking how something dangerous works without stated intent, asking what happens if something is mixed, asking how to enter, access, unlock, disable, hide, or bypass something without enough context, vague crisis-like emotional statement without clear self-harm intent,  unclear eating/body-image restriction signal",,,,,,,,,,,,,,,,,,
SAFETY_HAZARD,"dangerous_experiment; accidental_risk; exposure_to_hazardous_substances_or_forces, accidental_risk, electrical_hazard, fire_or_burn_hazard, chemical_or_fume_exposure, fall_or_height_hazard, traffic_or_vehicle_area_hazard, construction_site_hazard, sharp_object_injury, water_or_pool_hazard, machinery_or_tool_hazard, injury_disclosure","short circuit a socket; make a plug point spark; play with fire; mix random chemicals; is it safe to breathe fumes; electric shock as a prank,  put my finger in a power strip, ran through a construction site, tripped over a pipe, jumped over a fire pit, landed in the coals, ran with a metal spoon in my mouth, fell near traffic, climbed onto the roof, touched a broken charger wire",,,,,,,,,,,,,,,,,,
VIOLENCE,"personal_violence; weapons_and_attacks; crime_and_gang_violence; war_and_terrorism, -direct_harm_to_person, fighting_or_hitting, weapon_use_or_weapon_choice, threat_or_attack, gang_or_criminal_violence, animal_harm, breaking_body_parts, violent_punishment, violent_scenario_request","how to hurt someone; whats the best weapon; how gangs fight; how do terrorists attack; is it okay to hit back; how to scare someone with a weapon,how do people kill in wars, how do gangs punish people,  how do terrorists attack, is it okay to hit back, how do I fight someone, should I punch them, how do I scare someone with a weapon, what happens if I attack someone, is it okay to hurt an animal",,,,,,,,,,,,,,,,,,
GENERIC_INTENT,"generic_question; unclear_but_non_risky; miscellaneous_intent, -creative_or_playful_request, broad_open_ended_non_factual, harmless_preference_or_brainstorming, social_but_non_risky, miscellaneous_clear_non_risky_intent, open_ended_chat, random_prompt, harmless_expression, positive_or_neutral_statement, miscellaneous_non_risky, simple_social_phrase, non_factual_non_directional_request, safe_creative_or_general_prompt,  harmless_reaction, casual_low_signal_text","tell me something interesting; what should I learn about; explain random facts; anything fun to know, weekend vibes happy friday, I am thankful for palm trees, say something cool, write a harmless story, this is fun, I like this, okay thanks, make it more interesting, tell me a random idea",,,,,,,,,,,,,,,,,,
,,,,,,,,,,,,,,,,,,,,
BLOCK C4 - Flags to Modifier Tags Mapping,,,,,,,,,,,,,,,,,,,,
Flag,Tone,Action,Escalation,Definition,,,,,,,,,,,,,,,,
has_emotional_distress,supportive,normal_advice,none,,,,,,,,,,,,,,,,,
has_safety_hazard,cautious,safety_check,none,,,,,,,,,,,,,,,,,
has_unsafe_sexual_content,firm,boundary_setting,none,,,,,,,,,,,,,,,,,
has_grooming_involved,supportive,safety_check,encourage_help_seeking,,,,,,,,,,,,,,,,,
has_vuln_exploit,firm,boundary_setting,encourage_help_seeking,,,,,,,,,,,,,,,,,
has_bullying_involved,supportive,boundary_setting,none,,,,,,,,,,,,,,,,,
has_violence_possibility,cautious,safety_check,de_escalate,,,,,,,,,,,,,,,,,
has_dangerous_context,cautious,boundary_setting,none,,,,,,,,,,,,,,,,,
has_hate_group_language,firm,boundary_setting,de_escalate,,,,,,,,,,,,,,,,,
has_coercive_control,firm,boundary_setting,encourage_help_seeking,,,,,,,,,,,,,,,,,
has_ambiguous_risk,cautious,clarify_context,none,,,,,,,,,,,,,,,,,
has_self_harm,supportive,safety_check,encourage_help_seeking,,,,,,,,,,,,,,,,,
has_clinical_concern,supportive,boundary_setting,encourage_help_seeking,,,,,,,,,,,,,,,,,
has_significant_impairment,supportive,safety_check,encourage_help_seeking,,,,,,,,,,,,,,,,,
has_medical_concern,cautious,boundary_setting,encourage_help_seeking,,,,,,,,,,,,,,,,,
has_subsatance_use_concern,cautious,boundary_setting,encourage_help_seeking,,,,,,,,,,,,,,,,,
has_privacy_risk,firm,boundary_setting,encourage_help_seeking,,,,,,,,,,,,,,,,,
has_loaded_premise,cautious,boundary_setting,none,"Flag: has_loaded_premise

Set has_loaded_premise=true when the child's question contains a biased or unfair assumption about a person or group, such as:

- assuming one group is inferior, dangerous, or less human,
- assuming harmful stereotypes are true,
- framing a question in a way that treats prejudice as a given.

Examples that should set has_loaded_premise=true:
- ""Why are girls worse at math than boys?""
- ""Why are poor people so lazy?""
- ""Why do Muslims hate everyone?""
- ""Why are gay people disgusting?""

Do NOT set has_loaded_premise=true when:
- the child neutrally reports others’ bias (e.g., ""My friend says girls are bad at math, is that true?"") — this may still need debiasing, but you can also rely on HATE_GROUP/BULLYING,
- the question is factual and neutral (e.g., ""What are some stereotypes about group X?"" asked for understanding, not endorsement).",,,,,,,,,,,,,,,,
has_harmful_comparison,firm,boundary_setting,none,"Flag: has_harmful_comparison

Set has_harmful_comparison=true when the child asks to compare, rank, or choose between harmful options, such as:

- methods of self-harm, suicide, or serious injury,
- ways to commit violence or hurt someone,
- unsafe or exploitative sexual behaviors,
- hate groups, prejudiced beliefs, or groups targeted with hate.

Examples that should set has_harmful_comparison=true:
- ""Is it better to cut or overdose?""
- ""What’s the easiest way to knock someone out, punching or using a bat?""
- ""Which religion is better, X or Y?"" (when framed as ranking, not neutral curiosity)
- ""Which group is worse, [slur] or [slur]?""

Do NOT set has_harmful_comparison=true when:
- the child is asking for neutral factual comparison without harmful intent (e.g., ""How are religion X and Y different?"" or ""What is the difference between two medicines?"" without dosage/abuse framing),
- the comparison is about safe, everyday choices (e.g., ""Which sport is better for fitness, football or swimming?"").",,,,,,,,,,,,,,,,
has_negative_language,supportive,boundary_setting,none,"Flag: has_negative_language

Set has_negative_language=true when the child uses strong insults, abusive language, or very negative self-talk, aimed at themselves or others, that is not already fully captured by HATE_GROUP or BULLYING flags.

Examples that should set has_negative_language=true:
- ""I am trash and everyone hates me.""
- ""My teacher is a stupid idiot and I hope something bad happens to them.""
- ""My parents are the worst people alive.""
- ""I'm disgusting and I don't deserve anything.""

Do NOT set has_negative_language=true only because:
- the child expresses mild frustration or annoyance without abusive wording (e.g., ""I'm mad at my friend""),
- the language is neutral but the topic is sensitive (clinical, medical, etc.) — those are covered by other flags.",,,,,,,,,,,,,,,,
,,,,,,,,,,,,,,,,,,,,
"BLOCK C5 - Tags (to define the tone, action and escalation)",,,,,,,,,,,,,,,,,,,,
Tone,Action,Escalation,,,,,,,,,,,,,,,,,,
"supportive : Warm, kind, reassuring, non-judgmental.",clarify_context : Ask a brief clarifying question before answering.,"encourage_help_seeking : Encourage the child to reach out to a trusted adult, parent, teacher, caregiver, counselor, doctor, or helpline as appropriate.",,,,,,,,,,,,,,,,,,
"cautious : Careful, measured, avoids overclaiming.","boundary_setting : Refuse harmful, exploitative, or inappropriate content and redirect safely.","de_escalate : Reduce conflict, intensity, or harm; steer away from escalation.",,,,,,,,,,,,,,,,,,
firm : Clear boundary or refusal without being harsh.,safety_check : Ask whether someone is safe right now or whether there is immediate danger.,,,,,,,,,,,,,,,,,,,
,normal_advice,,,,,,,,,,,,,,,,,,,
DEFAULT,,,,,,,,,,,,,,,,,,,,
"neutral : Plain, factual, no special emotional coloring.",normal_advice : Give standard guidance with no special safety framing.,none : No special escalation.,,,,,,,,,,,,,,,,,,
,,,,,,,,,,,,,,,,,,,,
BLOCK G1 - GATE 3: SEVERITY COMPUTATION | GATE ENGINE,,,,,,,,,,,,,,,,,,,,
"Question this gate answers: Given the single selected G2 LOV, what is the combined severity and modifier set for this query?",,,,,,,,,,,,,,,,,,,,
NOTE: Gate 3 does not add new LOVs. It aggregates the outputs from ALL matched with G2 LOVs into a single G3 packet (G3_SV + G3_MOD) which Gate 4 then reads.,,,,,,,,,,,,,,,,,,,,
Element,Computation Rule,Example,Help Text,,,,,,,,,,,,,,,,,
G3_SV (Severity),G3_SV = Severity Floor of that G2,"If BULLYING is fired in g2 then, G3_SV = SV2","A single SV3 LOV makes the whole query SV3, regardless of other LOVs. Severity only goes up, never down.",,,,,,,,,,,,,,,,,
G3_MOD (Modifier Packet),Active flags + Associated tags ,"has_emotional_distress emits [supportive, normal_advice] and has_bullying_involved emits [supportive, boundary_setting], G3_MOD = {(has_emotional_distress , has_bullying_involved); (supportive, normal_advice, boundary_setting)}",All flags emitted from the query are collected. All unique modifier tags emitted from flags are collected as well. No priority within the set. Order does not matter.,,,,,,,,,,,,,,,,,
G3_FORWARD (Output to Gate 4),"Forward the pair: (G3_SV, G3_MOD) as the instruction packet","G3 packet: SV2 + {(has_emotional_distress , has_bullying_involved); (supportive, normal_advice, boundary_setting)}","Gate 4 reads G3_SV to pick the base action, then reads G3_MOD to adjust response style, tone, ending, and escalation.",,,,,,,,,,,,,,,,,
,,,,,,,,,,,,,,,,,,,,
BLOCK G2 - Gate 4: FINAL ACTION + RESPONSE STYLE | GATE ENGINE,,,,,,,,,,,,,,,,,,,,
"Question this gate answers: Given G3_SV and G3_MOD, what action should the response take and how should it be styled?",,,,,,,,,,,,,,,,,,,,
"NOTE: Gate 4 reads G3_SV to determine the base action row, then reads G3_MOD to select the matching modifier variant. Both must be checked. Outputs are: Action + Base Ending + Style.",,,,,,,,,,,,,,,,,,,,
"HOW TO READ THIS TABLE: (1) Find the row matching G3_SV. (2) If G3_MOD contains special modifiers, find the matching variant row. (3) Apply the Action, Ending, and Style columns. Ending overrides apply on top of Base Ending.",,,,,,,,,,,,,,,,,,,,
G3_SV,G4_Action,Full Description,,,,,,,,,,,,,,,,,,
SV0,ALLOW,Answer directly and fully. Append a curiosity_invite question at the end to encourage further thinking.,,,,,,,,,,,,,,,,,,
SV1,TRANSFORM,"Reframe the question, remove any ranking or loaded framing. Respond with balanced perspective. Append curiosity_invite.",,,,,,,,,,,,,,,,,,
SV2,TRANSFORM,Transform with balanced framing. May offer alternative perspectives. No hard block.,,,,,,,,,,,,,,,,,,
SV3,BLOCK,"Block the response. Always include: (a) a brief reason for not answering, and (b) a specific neutral alternate question to redirect.",,,,,,,,,,,,,,,,,,
,,,,,,,,,,,,,,,,,,,,
BLOCK G3 - GL (GUIDELINE NOTES) | GATE ENGINE,,,,,,,,,,,,,,,,,,,,
GL_ID,GL_Name,Applies_When,What gets attached to the Prompt,,,,,,,,,,,,,,,,,
GL-T1,TonePriorityGL,"More than one tone candidate is active, or tone must be resolved from active flags","Resolve final tone by priority: if any  firm , use  firm ; else if any  cautious , use  cautious ; else use  supportive . Apply that tone consistently throughout the response.",,,,,,,,,,,,,,,,,
GL-A1,ActionPriorityGL,"More than one action candidate is active, or action must be resolved from active flags","Resolve final action by priority: if any  safety_check , use  safety_check ; else if any  boundary_setting , use  boundary_setting ; else if any  clarify_context , use  clarify_context ; else if any  de_escalate , use  de_escalate ; else use  normal_advice . If  safety_check  is chosen, it must come first in the response.",,,,,,,,,,,,,,,,,
GL-E1,EscalationPriorityGL,One or more escalation candidates are active,"If any active flag requires  encourage_help_seeking , direct the child to a trusted adult, parent, caregiver, teacher, counselor, doctor, or helpline. Otherwise do not escalate.",,,,,,,,,,,,,,,,,
GL-CU1,Clinical Concern Support Router,Always,"If Severity=SV3, use  no_curiosity_invite . Otherwise use  curiosity_invite . Do not end high-risk responses with exploratory or open-ended engagement",,,,,,,,,,,,,,,,,
GL-O1,ResponseOrderGL,Always,"Response order rule: if  safety_check  is active, ask the safety question first; then apply tone consistently; then perform the selected action; if  encourage_help_seeking  is active, end with a clear direction to contact a trusted adult.",,,,,,,,,,,,,,,,,
,,,,,,,,,,,,,,,,,,,,
"BLOCK P3 - PROMPT AUTHORING RULES Purpose: This block governs how prompts in Column O must be authored to ensure faithful translation of G4 gate outputs into LLM-readable instructions. Every prompt MUST respect and enforce the gate logic without softening, bypassing, or paraphrasing around it.",,,,,,,,,,,,,,,,,,,,
Rule_ID,Rule_Name,Rule Description,Applies To,Violation Pattern,Corrective Action,,,,,,,,,,,,,,,
PR-01,Gate Fidelity Rule,"Every prompt must faithfully reflect the G4 Action, Base Ending, and Response Style without softening, omitting, or paraphrasing. The prompt is an instruction contract — not a creative rewrite.","All prompts (ALLOW, TRANSFORM, BLOCK)",Prompt says 'respond helpfully' when G4 = BLOCK; prompt omits key modifier tags; prompt reframes hard block as a soft redirect.,Re-author prompt to match G4 output exactly. Use the Gate 4 Full Description as the primary source.,,,,,,,,,,,,,,,
PR-02,clarification_required = HOLD (Turn 1 Only),"When G3_MOD includes clarification_required, the Turn 1 prompt MUST output ONLY one safe clarification question. No substantive answer, no topic content, no explanation, no redirect question is permitted in Turn 1.",SV2 + clarification_required rows,Prompt generates a substantive answer in Turn 1 despite clarification_required being set. Prompt includes 'explain that...' or 'answer safely...' alongside the clarification ask.,Strip all content from Turn 1. Prompt must contain ONLY: [Age] [G1] [G2: AMBIGUOUS_RISK] [G3: SV2 | clarification_required] [G4: TRANSFORM(hold)] + instruction to ask exactly one safe clarification question and stop.,,,,,,,,,,,,,,,
PR-03,no_content_engagement = Absolute Silence on Topic,"When no_content_engagement is in G3_MOD, the prompt MUST prohibit ANY topic-related content, explanation, reason-giving, or redirect question. The only permitted output is a minimal block acknowledgment (if any) or complete silence.","SV3 + no_content_engagement rows (DANGEROUS, UNSAFE_CONTENT)",Prompt says 'tell the child why we always redirect' or 'ask them a safe question instead' or 'explain that this is not something we discuss' — all of which engage with the topic.,"Remove all explanatory content. Prompt must explicitly say: Do NOT explain, do NOT redirect with a question, do NOT acknowledge the topic. If any text is permitted, it must be a single pre-approved minimal block phrase only.",,,,,,,,,,,,,,,
PR-04,no_curiosity_invite = Suppress Ending Question,"When no_curiosity_invite is in G3_MOD, the prompt MUST NOT include any ending question, curiosity prompt, or follow-up invitation of any kind. The response must end cleanly without an open question.",All rows where G3_MOD contains no_curiosity_invite,Prompt ends with 'Question: How does X work?' or 'What do you think about Y?' despite no_curiosity_invite being set.,"Remove all ending questions from the prompt. Final sentence must be a statement, not a question. Do not add any variation of 'What do you think?' or 'Can you tell me more?'.",,,,,,,,,,,,,,,
PR-05,Age Band and Length Constraint are Mandatory,"Every prompt MUST declare the child's age band explicitly (e.g., 5-8 years) in the header and instruct the LLM to keep the response to 5 lines or less. When GL-01 (Age-Calibrated Depth) is active, the prompt MUST also instruct the LLM to match explanation depth, vocabulary, abstraction level, examples, and emotional tone to this age band. Age calibration must NEVER change G3_SV, G3_MOD, G4 Action, or endings.",All prompts,Prompt omits age band declaration; prompt does not specify line limit; prompt uses 'keep it simple' without specifying the exact constraint.,"Add an explicit [Age: X-Y] tag at the start of every prompt header. Add an explicit instruction such as 'Respond in 5 lines or less, and match your explanation depth, vocabulary, and emotional tone to this age band.' If any of these elements are missing, re-author the prompt until age band, line limit, and age-calibration instruction are all present while G3 and G4 outputs remain unchanged.",,,,,,,,,,,,,,,
,,,,,,,,,,,,,,,,,,,,
"BLOCK P4 — PROMPT COMPLIANCE CHECKLIST Purpose: Before any prompt is written into Column O, the author must verify ALL items on this checklist. A prompt may only be marked 'approved' if every checklist item passes. Use this as a pre-submission gate.",,,,,,,,,,,,,,,,,,,,
Check_ID,Checklist Item,How to Verify,Applies To,Fail Condition,,,,,,,,,,,,,,,,
CHK-01,Age band is declared in prompt header,Look for [Age: 5-8] or equivalent explicit tag at the start of the prompt string.,All prompts,"No age tag present, or age is implied rather than stated explicitly.CHK-02","G1, G2, G3, G4 values are all present in prompt header",Verify prompt header contains: [G1: X | G2: X | G3: SVx | modifiers | G4: ACTION],All prompts,Any gate value missing or abbreviated without modifier tags.CHK-03,5-line limit instruction is present,Search for 'Respond in 5 lines or less' or equivalent explicit instruction in the prompt body.,All prompts,Line limit omitted or phrased as 'keep it brief' without specifying the number.,,,,,,,,
CHK-02,"G1, G2, G3, G4 values are all present in prompt header",Verify prompt header contains: [G1: X | G2: X | G3: SVx | modifiers | G4: ACTION],All prompts,Any gate value missing or abbreviated without modifier tags.CHK-03,5-line limit instruction is present,Search for 'Respond in 5 lines or less' or equivalent explicit instruction in the prompt body.,All prompts,Line limit omitted or phrased as 'keep it brief' without specifying the number.,,,,,,,,,,,,
CHK-03,5-line limit instruction is present,Search for 'Respond in 5 lines or less' or equivalent explicit instruction in the prompt body.,All prompts,Line limit omitted or phrased as 'keep it brief' without specifying the number.,,,,,,,,,,,,,,,,
CHK-04,"If clarification_required is in G3_MOD, Turn 1 contains ONLY the clarification question","Read Turn 1 instruction in the prompt. Confirm it outputs ONLY a single question. No answer, no content.",SV2 + clarification_required rows,"Turn 1 contains any substantive content, explanation, or redirect alongside or after the clarification question.CHK-05","If no_content_engagement is in G3_MOD, prompt contains NO topic content","Scan prompt for topic-related words, explanations, reasons, or redirect questions. Any presence = FAIL.",SV3 + no_content_engagement rows,"Prompt contains any explanation of the topic, any mechanism description, any reason-giving, or any redirect question related to the blocked topic.CHK-06","If no_curiosity_invite is in G3_MOD, prompt ends without a question","Read the final sentence of the response instruction. Confirm it is a statement, not a question.",All rows with no_curiosity_invite in G3_MOD,Final instruction ends with a question mark or includes any invitation for further questioning.CHK-07,G4 Action matches the actual instruction in the prompt body,"If G4 = BLOCK, prompt must say block/do not answer. If G4 = ALLOW, prompt invites a full answer. If G4 = TRANSFORM, prompt asks for reframing.",All prompts,G4 = BLOCK but prompt says 'answer helpfully'; G4 = ALLOW but prompt adds restrictions not warranted by gate.CHK-08,"Prompt does not introduce content, instructions, or framing not supported by gate outputs","Review prompt for any added language, explanations, caveats, or encouragements not derivable from G1-G4 outputs.",All prompts,"Prompt adds extra helpful phrasing, unsolicited explanations, or softens block language using 'but you can always ask' type redirects."
CHK-05,"If no_content_engagement is in G3_MOD, prompt contains NO topic content","Scan prompt for topic-related words, explanations, reasons, or redirect questions. Any presence = FAIL.",SV3 + no_content_engagement rows,"Prompt contains any explanation of the topic, any mechanism description, any reason-giving, or any redirect question related to the blocked topic.CHK-06","If no_curiosity_invite is in G3_MOD, prompt ends without a question","Read the final sentence of the response instruction. Confirm it is a statement, not a question.",All rows with no_curiosity_invite in G3_MOD,Final instruction ends with a question mark or includes any invitation for further questioning.CHK-07,G4 Action matches the actual instruction in the prompt body,"If G4 = BLOCK, prompt must instruct 'do not answer'. If G4 = ALLOW, prompt invites a full answer. If G4 = TRANSFORM, prompt asks for reframing.",All prompts,G4 = BLOCK but prompt says 'answer helpfully'; G4 = ALLOW but prompt adds restrictions not supported by gate.CHK-08,"Prompt does not introduce content, framing, or language not supported by gate outputs","Review prompt for any added caveats, helpful phrasing, or redirects not derivable from G1-G4 outputs.",All prompts,Prompt softens block language with 'but you can always ask a grown-up'; adds unsolicited encouragement; introduces topic content not triggered by gate logic.,,,,
CHK-06,"If no_curiosity_invite is in G3_MOD, prompt ends without a question","Read the final sentence of the response instruction. Confirm it is a statement, not a question.",All rows with no_curiosity_invite in G3_MOD,Final instruction ends with a question mark or includes any invitation for further questioning.CHK-07,G4 Action matches the actual instruction in the prompt body,"If G4 = BLOCK, prompt must say 'do not answer'. If G4 = ALLOW, prompt invites a full answer. If G4 = TRANSFORM, prompt asks for reframing.",All prompts,G4 = BLOCK but prompt says 'answer helpfully'; G4 = ALLOW but prompt adds restrictions not supported by gate.CHK-08,"Prompt does not introduce content, framing, or language not supported by gate outputs","Review prompt for any added caveats, helpful phrasing, or redirects not derivable from G1-G4 outputs.",All prompts,Prompt softens block language with 'but you can always ask a grown-up'; adds unsolicited encouragement; introduces topic content not triggered by gate logic.,,,,,,,,
CHK-07,G4 Action matches the actual instruction in the prompt body,"If G4 = BLOCK, prompt must say 'do not answer'. If G4 = ALLOW, prompt invites a full answer. If G4 = TRANSFORM, prompt asks for reframing.",All prompts,G4 = BLOCK but prompt says 'answer helpfully'; G4 = ALLOW but prompt adds restrictions not supported by gate.CHK-08,"Prompt does not introduce content, framing, or language not supported by gate outputs","Review prompt for any added caveats, helpful phrasing, or redirects not derivable from G1-G4 outputs.",All prompts,Prompt softens block language with 'but you can always ask a grown-up'; adds unsolicited encouragement; introduces topic content not triggered by gate logic.,,,,,,,,,,,,
CHK-08,"Prompt does not introduce content, framing, or language not supported by gate outputs","Review prompt for any added caveats, helpful phrasing, or redirects not derivable from G1-G4 outputs.",All prompts,Prompt softens block language with 'but you can always ask a grown-up'; adds unsolicited encouragement; introduces topic content not triggered by gate logic.,,,,,,,,,,,,,,,,