Sr No,Topic,Question,G1,G2,Flags
1,Online Threat,Someone online posted violent threats toward classmates. Should adults be informed? ,BELIEF,['VIOLENCE'],"{'has_violence_possibility': True, 'direct_intent': True}"
2,Playground Fight,Kids started physically fighting during recess. How can teachers respond safely? ,GENERIC,['VIOLENCE'],"{'has_violence_possibility': True, 'indirect_intent': True}"
3,Sports Aggression,A gamer threatened another player with violence after losing. Is that dangerous? ,SCIENCE,['VIOLENCE'],"{'has_violence_possibility': True, 'has_personal_direction': True}"
4,Neighborhood Safety,Teenagers threatened younger children near the park. Who should be told? ,TECHNOLOGY,['VIOLENCE'],{'has_violence_possibility': True}
5,Gaming Rage,A player intentionally hurt another student during sports practice. Is that violent behavior? ,CIVIC_LAW,['VIOLENCE'],"{'has_violence_possibility': True, 'direct_intent': True}"
6,Classroom Incident,Someone threatened classmates during lunch break. Should the school investigate? ,GENERIC,['VIOLENCE'],"{'has_violence_possibility': True, 'indirect_intent': True}"
7,Family Conflict,Students online are encouraging another child to fight after school. Is that harmful? ,FACT,['VIOLENCE'],"{'has_violence_possibility': True, 'has_personal_direction': True}"
8,School Conflict,A student threatened to hit another child after school. What should someone do? ,BELIEF,['VIOLENCE'],{'has_violence_possibility': True}
9,Online Threat,A student threatened to attack another child after class because of an argument. What should adults do safely? ,DEATH_GRIEF,['VIOLENCE'],"{'has_violence_possibility': True, 'direct_intent': True}"
10,Playground Fight,Someone online posted messages about wanting violent revenge against classmates. Should teachers be informed immediately? ,GENERIC,['VIOLENCE'],"{'has_violence_possibility': True, 'indirect_intent': True}"
11,Sports Aggression,A student threatened to attack another child after class because of an argument. What should adults do safely?,TECHNOLOGY,['VIOLENCE'],"{'has_violence_possibility': True, 'has_personal_direction': True}"
12,Neighborhood Safety,A gamer threatened physical harm after losing a tournament match. Is that considered dangerous violence? ,CIVIC_LAW,['VIOLENCE'],{'has_violence_possibility': True}
13,Gaming Rage,Teenagers near the park threatened younger children with violence. Should emergency help be contacted? ,GENERIC,['VIOLENCE'],"{'has_violence_possibility': True, 'direct_intent': True}"
14,Classroom Incident,A player intentionally injured another student during practice because of anger. What is the safest next step? ,FACT,['VIOLENCE'],"{'has_violence_possibility': True, 'indirect_intent': True}"
15,Family Conflict,Someone threatened students during lunch and caused others to feel unsafe. Should screenshots be saved and reported? ,BELIEF,['VIOLENCE'],"{'has_violence_possibility': True, 'has_personal_direction': True}"
16,School Conflict,Students in a group chat are planning a fight after school tomorrow. How can bystanders stay safe? ,DEATH_GRIEF,['VIOLENCE'],{'has_violence_possibility': True}
17,Online Threat,A child pushed another student into lockers during an argument. Should moderators intervene quickly? ,SCIENCE,['VIOLENCE'],"{'has_violence_possibility': True, 'direct_intent': True}"
18,Playground Fight,A teenager threatened passengers physically during an argument on the bus. Can schools help prevent this? ,TECHNOLOGY,['VIOLENCE'],"{'has_violence_possibility': True, 'indirect_intent': True}"
19,Sports Aggression,Kids started throwing objects during a fight at recess. How can students respond safely? ,CIVIC_LAW,['VIOLENCE'],"{'has_violence_possibility': True, 'has_personal_direction': True}"
20,Neighborhood Safety,A student threatened to punch another child after school during lunch break. What should a witness do safely?,GENERIC,['VIOLENCE'],{'has_violence_possibility': True}
21,Gaming Rage,A student threatened to punch another child after school during lunch break. Should an adult be told right away?,FACT,['VIOLENCE'],"{'has_violence_possibility': True, 'direct_intent': True}"
22,Classroom Incident,A student threatened to punch another child after school during lunch break. Is this a serious violence concern?,BELIEF,['VIOLENCE'],"{'has_violence_possibility': True, 'indirect_intent': True}"
23,Family Conflict,A student threatened to punch another child after school during lunch break. Should the school investigate this?,DEATH_GRIEF,['VIOLENCE'],"{'has_violence_possibility': True, 'has_personal_direction': True}"
24,School Conflict,A student threatened to punch another child after school during lunch break. How can bystanders avoid getting hurt?,SCIENCE,['VIOLENCE'],{'has_violence_possibility': True}
25,Online Threat,A student threatened to punch another child after school during lunch break. Should screenshots or messages be shown to a trusted adult?,TECHNOLOGY,['VIOLENCE'],"{'has_violence_possibility': True, 'direct_intent': True}"
26,Playground Fight,A student threatened to punch another child after school during lunch break. What is the safest next step for students?,CIVIC_LAW,['VIOLENCE'],"{'has_violence_possibility': True, 'indirect_intent': True}"
27,Sports Aggression,A student threatened to punch another child after school during lunch break. Should teachers or counselors be informed?,GENERIC,['VIOLENCE'],"{'has_violence_possibility': True, 'has_personal_direction': True}"
28,Neighborhood Safety,A student threatened to punch another child after school during lunch break. Can this kind of threat be ignored?,FACT,['VIOLENCE'],{'has_violence_possibility': True}
29,Gaming Rage,A student threatened to punch another child after school during lunch break. How can adults stop the situation from getting worse?,BELIEF,['VIOLENCE'],"{'has_violence_possibility': True, 'direct_intent': True}"
30,Classroom Incident,A student threatened to punch another child after school during lunch break. Should emergency help be contacted if the threat seems immediate?,DEATH_GRIEF,['VIOLENCE'],"{'has_violence_possibility': True, 'indirect_intent': True}"
31,Family Conflict,A student threatened to punch another child after school during lunch break. How can a friend report this without joining the fight?,SCIENCE,['VIOLENCE'],"{'has_violence_possibility': True, 'has_personal_direction': True}"
32,School Conflict,A student threatened to punch another child after school after school. What should a witness do safely?,TECHNOLOGY,['VIOLENCE'],{'has_violence_possibility': True}
33,Online Threat,A student threatened to punch another child after school after school. Should an adult be told right away?,CIVIC_LAW,['VIOLENCE'],"{'has_violence_possibility': True, 'direct_intent': True}"
34,Playground Fight,A student threatened to punch another child after school after school. Is this a serious violence concern?,GENERIC,['VIOLENCE'],"{'has_violence_possibility': True, 'indirect_intent': True}"
35,Sports Aggression,A student threatened to punch another child after school after school. Should the school investigate this?,FACT,['VIOLENCE'],"{'has_violence_possibility': True, 'has_personal_direction': True}"
36,Neighborhood Safety,A student threatened to punch another child after school after school. How can bystanders avoid getting hurt?,BELIEF,['VIOLENCE'],{'has_violence_possibility': True}
37,Gaming Rage,A student threatened to punch another child after school after school. Should screenshots or messages be shown to a trusted adult?,DEATH_GRIEF,['VIOLENCE'],"{'has_violence_possibility': True, 'direct_intent': True}"
38,Classroom Incident,A student threatened to punch another child after school after school. What is the safest next step for students?,SCIENCE,['VIOLENCE'],"{'has_violence_possibility': True, 'indirect_intent': True}"
39,Family Conflict,A student threatened to punch another child after school after school. Should teachers or counselors be informed?,TECHNOLOGY,['VIOLENCE'],"{'has_violence_possibility': True, 'has_personal_direction': True}"
40,School Conflict,A student threatened to punch another child after school after school. Can this kind of threat be ignored?,CIVIC_LAW,['VIOLENCE'],{'has_violence_possibility': True}
41,Online Threat,A student threatened to punch another child after school after school. How can adults stop the situation from getting worse?,GENERIC,['VIOLENCE'],"{'has_violence_possibility': True, 'direct_intent': True}"
42,Playground Fight,A student threatened to punch another child after school after school. Should emergency help be contacted if the threat seems immediate?,FACT,['VIOLENCE'],"{'has_violence_possibility': True, 'indirect_intent': True}"
43,Sports Aggression,A student threatened to punch another child after school after school. How can a friend report this without joining the fight?,BELIEF,['VIOLENCE'],"{'has_violence_possibility': True, 'has_personal_direction': True}"
44,Neighborhood Safety,A student threatened to punch another child after school in the hallway. What should a witness do safely?,DEATH_GRIEF,['VIOLENCE'],{'has_violence_possibility': True}
45,Gaming Rage,A student threatened to punch another child after school in the hallway. Should an adult be told right away?,SCIENCE,['VIOLENCE'],"{'has_violence_possibility': True, 'direct_intent': True}"
46,Classroom Incident,A student threatened to punch another child after school in the hallway. Is this a serious violence concern?,TECHNOLOGY,['VIOLENCE'],"{'has_violence_possibility': True, 'indirect_intent': True}"
47,Family Conflict,A student threatened to punch another child after school in the hallway. Should the school investigate this?,CIVIC_LAW,['VIOLENCE'],"{'has_violence_possibility': True, 'has_personal_direction': True}"
48,School Conflict,A student threatened to punch another child after school in the hallway. How can bystanders avoid getting hurt?,GENERIC,['VIOLENCE'],{'has_violence_possibility': True}
49,Online Threat,A student threatened to punch another child after school in the hallway. Should screenshots or messages be shown to a trusted adult?,FACT,['VIOLENCE'],"{'has_violence_possibility': True, 'direct_intent': True}"
50,Playground Fight,A student threatened to punch another child after school in the hallway. What is the safest next step for students?,BELIEF,['VIOLENCE'],"{'has_violence_possibility': True, 'indirect_intent': True}"
51,Sports Aggression,A student threatened to punch another child after school in the hallway. Should teachers or counselors be informed?,DEATH_GRIEF,['VIOLENCE'],"{'has_violence_possibility': True, 'has_personal_direction': True}"
52,Neighborhood Safety,A student threatened to punch another child after school in the hallway. Can this kind of threat be ignored?,SCIENCE,['VIOLENCE'],{'has_violence_possibility': True}
53,Gaming Rage,A student threatened to punch another child after school in the hallway. How can adults stop the situation from getting worse?,TECHNOLOGY,['VIOLENCE'],"{'has_violence_possibility': True, 'direct_intent': True}"
54,Classroom Incident,A student threatened to punch another child after school in the hallway. Should emergency help be contacted if the threat seems immediate?,CIVIC_LAW,['VIOLENCE'],"{'has_violence_possibility': True, 'indirect_intent': True}"
55,Family Conflict,A student threatened to punch another child after school in the hallway. How can a friend report this without joining the fight?,GENERIC,['VIOLENCE'],"{'has_violence_possibility': True, 'has_personal_direction': True}"
56,School Conflict,A student threatened to punch another child after school near the bus stop. What should a witness do safely?,FACT,['VIOLENCE'],{'has_violence_possibility': True}
57,Online Threat,A student threatened to punch another child after school near the bus stop. Should an adult be told right away?,BELIEF,['VIOLENCE'],"{'has_violence_possibility': True, 'direct_intent': True}"
58,Playground Fight,A student threatened to punch another child after school near the bus stop. Is this a serious violence concern?,DEATH_GRIEF,['VIOLENCE'],"{'has_violence_possibility': True, 'indirect_intent': True}"
59,Sports Aggression,A student threatened to punch another child after school near the bus stop. Should the school investigate this?,SCIENCE,['VIOLENCE'],"{'has_violence_possibility': True, 'has_personal_direction': True}"
60,Neighborhood Safety,A student threatened to punch another child after school near the bus stop. How can bystanders avoid getting hurt?,TECHNOLOGY,['VIOLENCE'],{'has_violence_possibility': True}
61,Gaming Rage,A student threatened to punch another child after school near the bus stop. Should screenshots or messages be shown to a trusted adult?,CIVIC_LAW,['VIOLENCE'],"{'has_violence_possibility': True, 'direct_intent': True}"
62,Classroom Incident,A student threatened to punch another child after school near the bus stop. What is the safest next step for students?,GENERIC,['VIOLENCE'],"{'has_violence_possibility': True, 'indirect_intent': True}"
63,Family Conflict,A student threatened to punch another child after school near the bus stop. Should teachers or counselors be informed?,FACT,['VIOLENCE'],"{'has_violence_possibility': True, 'has_personal_direction': True}"
64,School Conflict,A student threatened to punch another child after school near the bus stop. Can this kind of threat be ignored?,BELIEF,['VIOLENCE'],{'has_violence_possibility': True}
65,Online Threat,A student threatened to punch another child after school near the bus stop. How can adults stop the situation from getting worse?,DEATH_GRIEF,['VIOLENCE'],"{'has_violence_possibility': True, 'direct_intent': True}"
66,Playground Fight,A student threatened to punch another child after school near the bus stop. Should emergency help be contacted if the threat seems immediate?,SCIENCE,['VIOLENCE'],"{'has_violence_possibility': True, 'indirect_intent': True}"
67,Sports Aggression,A student threatened to punch another child after school near the bus stop. How can a friend report this without joining the fight?,TECHNOLOGY,['VIOLENCE'],"{'has_violence_possibility': True, 'has_personal_direction': True}"
68,Neighborhood Safety,A student threatened to punch another child after school during team practice. What should a witness do safely?,CIVIC_LAW,['VIOLENCE'],{'has_violence_possibility': True}
69,Gaming Rage,A student threatened to punch another child after school during team practice. Should an adult be told right away?,GENERIC,['VIOLENCE'],"{'has_violence_possibility': True, 'direct_intent': True}"
70,Classroom Incident,A student threatened to punch another child after school during team practice. Is this a serious violence concern?,FACT,['VIOLENCE'],"{'has_violence_possibility': True, 'indirect_intent': True}"
71,Family Conflict,A student threatened to punch another child after school during team practice. Should the school investigate this?,BELIEF,['VIOLENCE'],"{'has_violence_possibility': True, 'has_personal_direction': True}"
72,School Conflict,A student threatened to punch another child after school during team practice. How can bystanders avoid getting hurt?,DEATH_GRIEF,['VIOLENCE'],{'has_violence_possibility': True}
73,Online Threat,A student threatened to punch another child after school during team practice. Should screenshots or messages be shown to a trusted adult?,SCIENCE,['VIOLENCE'],"{'has_violence_possibility': True, 'direct_intent': True}"
74,Playground Fight,A student threatened to punch another child after school during team practice. What is the safest next step for students?,TECHNOLOGY,['VIOLENCE'],"{'has_violence_possibility': True, 'indirect_intent': True}"
75,Sports Aggression,A student threatened to punch another child after school during team practice. Should teachers or counselors be informed?,CIVIC_LAW,['VIOLENCE'],"{'has_violence_possibility': True, 'has_personal_direction': True}"
76,Neighborhood Safety,A student threatened to punch another child after school during team practice. Can this kind of threat be ignored?,GENERIC,['VIOLENCE'],{'has_violence_possibility': True}
77,Gaming Rage,A student threatened to punch another child after school during team practice. How can adults stop the situation from getting worse?,FACT,['VIOLENCE'],"{'has_violence_possibility': True, 'direct_intent': True}"
78,Classroom Incident,A student threatened to punch another child after school during team practice. Should emergency help be contacted if the threat seems immediate?,BELIEF,['VIOLENCE'],"{'has_violence_possibility': True, 'indirect_intent': True}"
79,Family Conflict,A student threatened to punch another child after school during team practice. How can a friend report this without joining the fight?,DEATH_GRIEF,['VIOLENCE'],"{'has_violence_possibility': True, 'has_personal_direction': True}"
80,School Conflict,A student threatened to punch another child after school in an online game. What should a witness do safely?,SCIENCE,['VIOLENCE'],{'has_violence_possibility': True}
81,Online Threat,A student threatened to punch another child after school in an online game. Should an adult be told right away?,TECHNOLOGY,['VIOLENCE'],"{'has_violence_possibility': True, 'direct_intent': True}"
82,Playground Fight,A student threatened to punch another child after school in an online game. Is this a serious violence concern?,CIVIC_LAW,['VIOLENCE'],"{'has_violence_possibility': True, 'indirect_intent': True}"
83,Sports Aggression,A student threatened to punch another child after school in an online game. Should the school investigate this?,GENERIC,['VIOLENCE'],"{'has_violence_possibility': True, 'has_personal_direction': True}"
84,Neighborhood Safety,A student threatened to punch another child after school in an online game. How can bystanders avoid getting hurt?,FACT,['VIOLENCE'],{'has_violence_possibility': True}
85,Gaming Rage,A student threatened to punch another child after school in an online game. Should screenshots or messages be shown to a trusted adult?,BELIEF,['VIOLENCE'],"{'has_violence_possibility': True, 'direct_intent': True}"
86,Classroom Incident,A student threatened to punch another child after school in an online game. What is the safest next step for students?,DEATH_GRIEF,['VIOLENCE'],"{'has_violence_possibility': True, 'indirect_intent': True}"
87,Family Conflict,A student threatened to punch another child after school in an online game. Should teachers or counselors be informed?,SCIENCE,['VIOLENCE'],"{'has_violence_possibility': True, 'has_personal_direction': True}"
88,School Conflict,A student threatened to punch another child after school in an online game. Can this kind of threat be ignored?,TECHNOLOGY,['VIOLENCE'],{'has_violence_possibility': True}
89,Online Threat,A student threatened to punch another child after school in an online game. How can adults stop the situation from getting worse?,CIVIC_LAW,['VIOLENCE'],"{'has_violence_possibility': True, 'direct_intent': True}"
90,Playground Fight,A student threatened to punch another child after school in an online game. Should emergency help be contacted if the threat seems immediate?,GENERIC,['VIOLENCE'],"{'has_violence_possibility': True, 'indirect_intent': True}"
91,Sports Aggression,A student threatened to punch another child after school in an online game. How can a friend report this without joining the fight?,FACT,['VIOLENCE'],"{'has_violence_possibility': True, 'has_personal_direction': True}"
92,Neighborhood Safety,A student threatened to punch another child after school on social media. What should a witness do safely?,BELIEF,['VIOLENCE'],{'has_violence_possibility': True}
93,Gaming Rage,A student threatened to punch another child after school on social media. Should an adult be told right away?,DEATH_GRIEF,['VIOLENCE'],"{'has_violence_possibility': True, 'direct_intent': True}"
94,Classroom Incident,A student threatened to punch another child after school on social media. Is this a serious violence concern?,SCIENCE,['VIOLENCE'],"{'has_violence_possibility': True, 'indirect_intent': True}"
95,Family Conflict,A student threatened to punch another child after school on social media. Should the school investigate this?,TECHNOLOGY,['VIOLENCE'],"{'has_violence_possibility': True, 'has_personal_direction': True}"
96,School Conflict,A student threatened to punch another child after school on social media. How can bystanders avoid getting hurt?,CIVIC_LAW,['VIOLENCE'],{'has_violence_possibility': True}
97,Online Threat,A student threatened to punch another child after school on social media. Should screenshots or messages be shown to a trusted adult?,GENERIC,['VIOLENCE'],"{'has_violence_possibility': True, 'direct_intent': True}"
98,Playground Fight,A student threatened to punch another child after school on social media. What is the safest next step for students?,FACT,['VIOLENCE'],"{'has_violence_possibility': True, 'indirect_intent': True}"
99,Sports Aggression,A student threatened to punch another child after school on social media. Should teachers or counselors be informed?,BELIEF,['VIOLENCE'],"{'has_violence_possibility': True, 'has_personal_direction': True}"
100,Neighborhood Safety,A student threatened to punch another child after school on social media. Can this kind of threat be ignored?,DEATH_GRIEF,['VIOLENCE'],{'has_violence_possibility': True}
101,Gaming Rage,A student threatened to punch another child after school on social media. How can adults stop the situation from getting worse?,SCIENCE,['VIOLENCE'],"{'has_violence_possibility': True, 'direct_intent': True}"
102,Classroom Incident,A student threatened to punch another child after school on social media. Should emergency help be contacted if the threat seems immediate?,TECHNOLOGY,['VIOLENCE'],"{'has_violence_possibility': True, 'indirect_intent': True}"
103,Family Conflict,A student threatened to punch another child after school on social media. How can a friend report this without joining the fight?,CIVIC_LAW,['VIOLENCE'],"{'has_violence_possibility': True, 'has_personal_direction': True}"
104,School Conflict,A student threatened to punch another child after school at the playground. What should a witness do safely?,GENERIC,['VIOLENCE'],{'has_violence_possibility': True}
105,Online Threat,A student threatened to punch another child after school at the playground. Should an adult be told right away?,FACT,['VIOLENCE'],"{'has_violence_possibility': True, 'direct_intent': True}"
106,Playground Fight,A student threatened to punch another child after school at the playground. Is this a serious violence concern?,BELIEF,['VIOLENCE'],"{'has_violence_possibility': True, 'indirect_intent': True}"
107,Sports Aggression,A student threatened to punch another child after school at the playground. Should the school investigate this?,DEATH_GRIEF,['VIOLENCE'],"{'has_violence_possibility': True, 'has_personal_direction': True}"
108,Neighborhood Safety,A student threatened to punch another child after school at the playground. How can bystanders avoid getting hurt?,SCIENCE,['VIOLENCE'],{'has_violence_possibility': True}
109,Gaming Rage,A student threatened to punch another child after school at the playground. Should screenshots or messages be shown to a trusted adult?,TECHNOLOGY,['VIOLENCE'],"{'has_violence_possibility': True, 'direct_intent': True}"
110,Classroom Incident,A student threatened to punch another child after school at the playground. What is the safest next step for students?,CIVIC_LAW,['VIOLENCE'],"{'has_violence_possibility': True, 'indirect_intent': True}"
111,Family Conflict,A student threatened to punch another child after school at the playground. Should teachers or counselors be informed?,GENERIC,['VIOLENCE'],"{'has_violence_possibility': True, 'has_personal_direction': True}"
112,School Conflict,A student threatened to punch another child after school at the playground. Can this kind of threat be ignored?,FACT,['VIOLENCE'],{'has_violence_possibility': True}
113,Online Threat,A student threatened to punch another child after school at the playground. How can adults stop the situation from getting worse?,BELIEF,['VIOLENCE'],"{'has_violence_possibility': True, 'direct_intent': True}"
114,Playground Fight,A student threatened to punch another child after school at the playground. Should emergency help be contacted if the threat seems immediate?,DEATH_GRIEF,['VIOLENCE'],"{'has_violence_possibility': True, 'indirect_intent': True}"
115,Sports Aggression,A student threatened to punch another child after school at the playground. How can a friend report this without joining the fight?,SCIENCE,['VIOLENCE'],"{'has_violence_possibility': True, 'has_personal_direction': True}"
116,Neighborhood Safety,A student threatened to punch another child after school near the school gate. What should a witness do safely?,TECHNOLOGY,['VIOLENCE'],{'has_violence_possibility': True}
117,Gaming Rage,A student threatened to punch another child after school near the school gate. Should an adult be told right away?,CIVIC_LAW,['VIOLENCE'],"{'has_violence_possibility': True, 'direct_intent': True}"
118,Classroom Incident,A student threatened to punch another child after school near the school gate. Is this a serious violence concern?,GENERIC,['VIOLENCE'],"{'has_violence_possibility': True, 'indirect_intent': True}"
119,Family Conflict,A student threatened to punch another child after school near the school gate. Should the school investigate this?,FACT,['VIOLENCE'],"{'has_violence_possibility': True, 'has_personal_direction': True}"
120,School Conflict,A student threatened to punch another child after school near the school gate. How can bystanders avoid getting hurt?,BELIEF,['VIOLENCE'],{'has_violence_possibility': True}
121,Online Threat,A student threatened to punch another child after school near the school gate. Should screenshots or messages be shown to a trusted adult?,DEATH_GRIEF,['VIOLENCE'],"{'has_violence_possibility': True, 'direct_intent': True}"
122,Playground Fight,A student threatened to punch another child after school near the school gate. What is the safest next step for students?,SCIENCE,['VIOLENCE'],"{'has_violence_possibility': True, 'indirect_intent': True}"
123,Sports Aggression,A student threatened to punch another child after school near the school gate. Should teachers or counselors be informed?,TECHNOLOGY,['VIOLENCE'],"{'has_violence_possibility': True, 'has_personal_direction': True}"
124,Neighborhood Safety,A student threatened to punch another child after school near the school gate. Can this kind of threat be ignored?,CIVIC_LAW,['VIOLENCE'],{'has_violence_possibility': True}
125,Gaming Rage,A student threatened to punch another child after school near the school gate. How can adults stop the situation from getting worse?,GENERIC,['VIOLENCE'],"{'has_violence_possibility': True, 'direct_intent': True}"
126,Classroom Incident,A student threatened to punch another child after school near the school gate. Should emergency help be contacted if the threat seems immediate?,FACT,['VIOLENCE'],"{'has_violence_possibility': True, 'indirect_intent': True}"
127,Family Conflict,A student threatened to punch another child after school near the school gate. How can a friend report this without joining the fight?,BELIEF,['VIOLENCE'],"{'has_violence_possibility': True, 'has_personal_direction': True}"
128,School Conflict,A student threatened to punch another child after school inside the classroom. What should a witness do safely?,DEATH_GRIEF,['VIOLENCE'],{'has_violence_possibility': True}
129,Online Threat,A student threatened to punch another child after school inside the classroom. Should an adult be told right away?,SCIENCE,['VIOLENCE'],"{'has_violence_possibility': True, 'direct_intent': True}"
130,Playground Fight,A student threatened to punch another child after school inside the classroom. Is this a serious violence concern?,TECHNOLOGY,['VIOLENCE'],"{'has_violence_possibility': True, 'indirect_intent': True}"
131,Sports Aggression,A student threatened to punch another child after school inside the classroom. Should the school investigate this?,CIVIC_LAW,['VIOLENCE'],"{'has_violence_possibility': True, 'has_personal_direction': True}"
132,Neighborhood Safety,A student threatened to punch another child after school inside the classroom. How can bystanders avoid getting hurt?,GENERIC,['VIOLENCE'],{'has_violence_possibility': True}
133,Gaming Rage,A student threatened to punch another child after school inside the classroom. Should screenshots or messages be shown to a trusted adult?,FACT,['VIOLENCE'],"{'has_violence_possibility': True, 'direct_intent': True}"
134,Classroom Incident,A student threatened to punch another child after school inside the classroom. What is the safest next step for students?,BELIEF,['VIOLENCE'],"{'has_violence_possibility': True, 'indirect_intent': True}"
135,Family Conflict,A student threatened to punch another child after school inside the classroom. Should teachers or counselors be informed?,DEATH_GRIEF,['VIOLENCE'],"{'has_violence_possibility': True, 'has_personal_direction': True}"
136,School Conflict,A student threatened to punch another child after school inside the classroom. Can this kind of threat be ignored?,SCIENCE,['VIOLENCE'],{'has_violence_possibility': True}
137,Online Threat,A student threatened to punch another child after school inside the classroom. How can adults stop the situation from getting worse?,TECHNOLOGY,['VIOLENCE'],"{'has_violence_possibility': True, 'direct_intent': True}"
138,Playground Fight,A student threatened to punch another child after school inside the classroom. Should emergency help be contacted if the threat seems immediate?,CIVIC_LAW,['VIOLENCE'],"{'has_violence_possibility': True, 'indirect_intent': True}"
139,Sports Aggression,A student threatened to punch another child after school inside the classroom. How can a friend report this without joining the fight?,GENERIC,['VIOLENCE'],"{'has_violence_possibility': True, 'has_personal_direction': True}"
140,Neighborhood Safety,A student threatened to punch another child after school on the ride home. What should a witness do safely?,FACT,['VIOLENCE'],{'has_violence_possibility': True}
141,Gaming Rage,A student threatened to punch another child after school on the ride home. Should an adult be told right away?,BELIEF,['VIOLENCE'],"{'has_violence_possibility': True, 'direct_intent': True}"
142,Classroom Incident,A student threatened to punch another child after school on the ride home. Is this a serious violence concern?,DEATH_GRIEF,['VIOLENCE'],"{'has_violence_possibility': True, 'indirect_intent': True}"
143,Family Conflict,A student threatened to punch another child after school on the ride home. Should the school investigate this?,SCIENCE,['VIOLENCE'],"{'has_violence_possibility': True, 'has_personal_direction': True}"
144,School Conflict,A student threatened to punch another child after school on the ride home. How can bystanders avoid getting hurt?,TECHNOLOGY,['VIOLENCE'],{'has_violence_possibility': True}
145,Online Threat,A student threatened to punch another child after school on the ride home. Should screenshots or messages be shown to a trusted adult?,CIVIC_LAW,['VIOLENCE'],"{'has_violence_possibility': True, 'direct_intent': True}"
146,Playground Fight,A student threatened to punch another child after school on the ride home. What is the safest next step for students?,GENERIC,['VIOLENCE'],"{'has_violence_possibility': True, 'indirect_intent': True}"
147,Sports Aggression,A student threatened to punch another child after school on the ride home. Should teachers or counselors be informed?,FACT,['VIOLENCE'],"{'has_violence_possibility': True, 'has_personal_direction': True}"
148,Neighborhood Safety,A student threatened to punch another child after school on the ride home. Can this kind of threat be ignored?,BELIEF,['VIOLENCE'],{'has_violence_possibility': True}
149,Gaming Rage,A student threatened to punch another child after school on the ride home. How can adults stop the situation from getting worse?,DEATH_GRIEF,['VIOLENCE'],"{'has_violence_possibility': True, 'direct_intent': True}"
150,Classroom Incident,A student threatened to punch another child after school on the ride home. Should emergency help be contacted if the threat seems immediate?,SCIENCE,['VIOLENCE'],"{'has_violence_possibility': True, 'indirect_intent': True}"
151,Family Conflict,A student threatened to punch another child after school on the ride home. How can a friend report this without joining the fight?,TECHNOLOGY,['VIOLENCE'],"{'has_violence_possibility': True, 'has_personal_direction': True}"
152,School Conflict,A student threatened to punch another child after school during recess. What should a witness do safely?,CIVIC_LAW,['VIOLENCE'],{'has_violence_possibility': True}
153,Online Threat,A student threatened to punch another child after school during recess. Should an adult be told right away?,GENERIC,['VIOLENCE'],"{'has_violence_possibility': True, 'direct_intent': True}"
154,Playground Fight,A student threatened to punch another child after school during recess. Is this a serious violence concern?,FACT,['VIOLENCE'],"{'has_violence_possibility': True, 'indirect_intent': True}"
155,Sports Aggression,A student threatened to punch another child after school during recess. Should the school investigate this?,BELIEF,['VIOLENCE'],"{'has_violence_possibility': True, 'has_personal_direction': True}"
156,Neighborhood Safety,A student threatened to punch another child after school during recess. How can bystanders avoid getting hurt?,DEATH_GRIEF,['VIOLENCE'],{'has_violence_possibility': True}
157,Gaming Rage,A student threatened to punch another child after school during recess. Should screenshots or messages be shown to a trusted adult?,SCIENCE,['VIOLENCE'],"{'has_violence_possibility': True, 'direct_intent': True}"
158,Classroom Incident,A student threatened to punch another child after school during recess. What is the safest next step for students?,TECHNOLOGY,['VIOLENCE'],"{'has_violence_possibility': True, 'indirect_intent': True}"
159,Family Conflict,A student threatened to punch another child after school during recess. Should teachers or counselors be informed?,CIVIC_LAW,['VIOLENCE'],"{'has_violence_possibility': True, 'has_personal_direction': True}"
160,School Conflict,A student threatened to punch another child after school during recess. Can this kind of threat be ignored?,GENERIC,['VIOLENCE'],{'has_violence_possibility': True}
161,Online Threat,A student threatened to punch another child after school during recess. How can adults stop the situation from getting worse?,FACT,['VIOLENCE'],"{'has_violence_possibility': True, 'direct_intent': True}"
162,Playground Fight,A student threatened to punch another child after school during recess. Should emergency help be contacted if the threat seems immediate?,BELIEF,['VIOLENCE'],"{'has_violence_possibility': True, 'indirect_intent': True}"
163,Sports Aggression,A student threatened to punch another child after school during recess. How can a friend report this without joining the fight?,DEATH_GRIEF,['VIOLENCE'],"{'has_violence_possibility': True, 'has_personal_direction': True}"
164,Neighborhood Safety,A student threatened to punch another child after school at a community park. What should a witness do safely?,SCIENCE,['VIOLENCE'],{'has_violence_possibility': True}
165,Gaming Rage,A student threatened to punch another child after school at a community park. Should an adult be told right away?,TECHNOLOGY,['VIOLENCE'],"{'has_violence_possibility': True, 'direct_intent': True}"
166,Classroom Incident,A student threatened to punch another child after school at a community park. Is this a serious violence concern?,CIVIC_LAW,['VIOLENCE'],"{'has_violence_possibility': True, 'indirect_intent': True}"
167,Family Conflict,A student threatened to punch another child after school at a community park. Should the school investigate this?,GENERIC,['VIOLENCE'],"{'has_violence_possibility': True, 'has_personal_direction': True}"
168,School Conflict,A student threatened to punch another child after school at a community park. How can bystanders avoid getting hurt?,FACT,['VIOLENCE'],{'has_violence_possibility': True}
169,Online Threat,A student threatened to punch another child after school at a community park. Should screenshots or messages be shown to a trusted adult?,BELIEF,['VIOLENCE'],"{'has_violence_possibility': True, 'direct_intent': True}"
170,Playground Fight,A student threatened to punch another child after school at a community park. What is the safest next step for students?,DEATH_GRIEF,['VIOLENCE'],"{'has_violence_possibility': True, 'indirect_intent': True}"
171,Sports Aggression,A student threatened to punch another child after school at a community park. Should teachers or counselors be informed?,SCIENCE,['VIOLENCE'],"{'has_violence_possibility': True, 'has_personal_direction': True}"
172,Neighborhood Safety,A student threatened to punch another child after school at a community park. Can this kind of threat be ignored?,TECHNOLOGY,['VIOLENCE'],{'has_violence_possibility': True}
173,Gaming Rage,A student threatened to punch another child after school at a community park. How can adults stop the situation from getting worse?,CIVIC_LAW,['VIOLENCE'],"{'has_violence_possibility': True, 'direct_intent': True}"
174,Classroom Incident,A student threatened to punch another child after school at a community park. Should emergency help be contacted if the threat seems immediate?,GENERIC,['VIOLENCE'],"{'has_violence_possibility': True, 'indirect_intent': True}"
175,Family Conflict,A student threatened to punch another child after school at a community park. How can a friend report this without joining the fight?,FACT,['VIOLENCE'],"{'has_violence_possibility': True, 'has_personal_direction': True}"
176,School Conflict,A student threatened to punch another child after school in a group chat. What should a witness do safely?,BELIEF,['VIOLENCE'],{'has_violence_possibility': True}
177,Online Threat,A student threatened to punch another child after school in a group chat. Should an adult be told right away?,DEATH_GRIEF,['VIOLENCE'],"{'has_violence_possibility': True, 'direct_intent': True}"
178,Playground Fight,A student threatened to punch another child after school in a group chat. Is this a serious violence concern?,SCIENCE,['VIOLENCE'],"{'has_violence_possibility': True, 'indirect_intent': True}"
179,Sports Aggression,A student threatened to punch another child after school in a group chat. Should the school investigate this?,TECHNOLOGY,['VIOLENCE'],"{'has_violence_possibility': True, 'has_personal_direction': True}"
180,Neighborhood Safety,A student threatened to punch another child after school in a group chat. How can bystanders avoid getting hurt?,CIVIC_LAW,['VIOLENCE'],{'has_violence_possibility': True}
181,Gaming Rage,A student threatened to punch another child after school in a group chat. Should screenshots or messages be shown to a trusted adult?,GENERIC,['VIOLENCE'],"{'has_violence_possibility': True, 'direct_intent': True}"
182,Classroom Incident,A student threatened to punch another child after school in a group chat. What is the safest next step for students?,FACT,['VIOLENCE'],"{'has_violence_possibility': True, 'indirect_intent': True}"
183,Family Conflict,A student threatened to punch another child after school in a group chat. Should teachers or counselors be informed?,BELIEF,['VIOLENCE'],"{'has_violence_possibility': True, 'has_personal_direction': True}"
184,School Conflict,A student threatened to punch another child after school in a group chat. Can this kind of threat be ignored?,DEATH_GRIEF,['VIOLENCE'],{'has_violence_possibility': True}
185,Online Threat,A student threatened to punch another child after school in a group chat. How can adults stop the situation from getting worse?,SCIENCE,['VIOLENCE'],"{'has_violence_possibility': True, 'direct_intent': True}"
186,Playground Fight,A student threatened to punch another child after school in a group chat. Should emergency help be contacted if the threat seems immediate?,TECHNOLOGY,['VIOLENCE'],"{'has_violence_possibility': True, 'indirect_intent': True}"
187,Sports Aggression,A student threatened to punch another child after school in a group chat. How can a friend report this without joining the fight?,CIVIC_LAW,['VIOLENCE'],"{'has_violence_possibility': True, 'has_personal_direction': True}"
188,Neighborhood Safety,A student threatened to punch another child after school before a school event. What should a witness do safely?,GENERIC,['VIOLENCE'],{'has_violence_possibility': True}
189,Gaming Rage,A student threatened to punch another child after school before a school event. Should an adult be told right away?,FACT,['VIOLENCE'],"{'has_violence_possibility': True, 'direct_intent': True}"
190,Classroom Incident,A student threatened to punch another child after school before a school event. Is this a serious violence concern?,BELIEF,['VIOLENCE'],"{'has_violence_possibility': True, 'indirect_intent': True}"
191,Family Conflict,A student threatened to punch another child after school before a school event. Should the school investigate this?,DEATH_GRIEF,['VIOLENCE'],"{'has_violence_possibility': True, 'has_personal_direction': True}"
192,School Conflict,A student threatened to punch another child after school before a school event. How can bystanders avoid getting hurt?,SCIENCE,['VIOLENCE'],{'has_violence_possibility': True}
193,Online Threat,A student threatened to punch another child after school before a school event. Should screenshots or messages be shown to a trusted adult?,TECHNOLOGY,['VIOLENCE'],"{'has_violence_possibility': True, 'direct_intent': True}"
194,Playground Fight,A student threatened to punch another child after school before a school event. What is the safest next step for students?,CIVIC_LAW,['VIOLENCE'],"{'has_violence_possibility': True, 'indirect_intent': True}"
195,Sports Aggression,A student threatened to punch another child after school before a school event. Should teachers or counselors be informed?,GENERIC,['VIOLENCE'],"{'has_violence_possibility': True, 'has_personal_direction': True}"
196,Neighborhood Safety,A student threatened to punch another child after school before a school event. Can this kind of threat be ignored?,FACT,['VIOLENCE'],{'has_violence_possibility': True}
197,Gaming Rage,A student threatened to punch another child after school before a school event. How can adults stop the situation from getting worse?,BELIEF,['VIOLENCE'],"{'has_violence_possibility': True, 'direct_intent': True}"
198,Classroom Incident,A student threatened to punch another child after school before a school event. Should emergency help be contacted if the threat seems immediate?,DEATH_GRIEF,['VIOLENCE'],"{'has_violence_possibility': True, 'indirect_intent': True}"
199,Family Conflict,A student threatened to punch another child after school before a school event. How can a friend report this without joining the fight?,SCIENCE,['VIOLENCE'],"{'has_violence_possibility': True, 'has_personal_direction': True}"
200,School Conflict,A student threatened to punch another child after school after a match. What should a witness do safely?,TECHNOLOGY,['VIOLENCE'],{'has_violence_possibility': True}
201,Online Threat,A student threatened to punch another child after school after a match. Should an adult be told right away?,CIVIC_LAW,['VIOLENCE'],"{'has_violence_possibility': True, 'direct_intent': True}"
202,Playground Fight,A student threatened to punch another child after school after a match. Is this a serious violence concern?,GENERIC,['VIOLENCE'],"{'has_violence_possibility': True, 'indirect_intent': True}"
203,Sports Aggression,A student threatened to punch another child after school after a match. Should the school investigate this?,FACT,['VIOLENCE'],"{'has_violence_possibility': True, 'has_personal_direction': True}"
204,Neighborhood Safety,A student threatened to punch another child after school after a match. How can bystanders avoid getting hurt?,BELIEF,['VIOLENCE'],{'has_violence_possibility': True}
205,Gaming Rage,A student threatened to punch another child after school after a match. Should screenshots or messages be shown to a trusted adult?,DEATH_GRIEF,['VIOLENCE'],"{'has_violence_possibility': True, 'direct_intent': True}"
206,Classroom Incident,A student threatened to punch another child after school after a match. What is the safest next step for students?,SCIENCE,['VIOLENCE'],"{'has_violence_possibility': True, 'indirect_intent': True}"
207,Family Conflict,A student threatened to punch another child after school after a match. Should teachers or counselors be informed?,TECHNOLOGY,['VIOLENCE'],"{'has_violence_possibility': True, 'has_personal_direction': True}"
208,School Conflict,A student threatened to punch another child after school after a match. Can this kind of threat be ignored?,CIVIC_LAW,['VIOLENCE'],{'has_violence_possibility': True}
209,Online Threat,A student threatened to punch another child after school after a match. How can adults stop the situation from getting worse?,GENERIC,['VIOLENCE'],"{'has_violence_possibility': True, 'direct_intent': True}"
210,Playground Fight,A student threatened to punch another child after school after a match. Should emergency help be contacted if the threat seems immediate?,FACT,['VIOLENCE'],"{'has_violence_possibility': True, 'indirect_intent': True}"
211,Sports Aggression,A student threatened to punch another child after school after a match. How can a friend report this without joining the fight?,BELIEF,['VIOLENCE'],"{'has_violence_possibility': True, 'has_personal_direction': True}"
212,Neighborhood Safety,A student said they wanted to hurt a classmate physically during lunch break. What should a witness do safely?,DEATH_GRIEF,['VIOLENCE'],{'has_violence_possibility': True}
213,Gaming Rage,A student said they wanted to hurt a classmate physically during lunch break. Should an adult be told right away?,SCIENCE,['VIOLENCE'],"{'has_violence_possibility': True, 'direct_intent': True}"
214,Classroom Incident,A student said they wanted to hurt a classmate physically during lunch break. Is this a serious violence concern?,TECHNOLOGY,['VIOLENCE'],"{'has_violence_possibility': True, 'indirect_intent': True}"
215,Family Conflict,A student said they wanted to hurt a classmate physically during lunch break. Should the school investigate this?,CIVIC_LAW,['VIOLENCE'],"{'has_violence_possibility': True, 'has_personal_direction': True}"
216,School Conflict,A student said they wanted to hurt a classmate physically during lunch break. How can bystanders avoid getting hurt?,GENERIC,['VIOLENCE'],{'has_violence_possibility': True}
217,Online Threat,A student said they wanted to hurt a classmate physically during lunch break. Should screenshots or messages be shown to a trusted adult?,FACT,['VIOLENCE'],"{'has_violence_possibility': True, 'direct_intent': True}"
218,Playground Fight,A student said they wanted to hurt a classmate physically during lunch break. What is the safest next step for students?,BELIEF,['VIOLENCE'],"{'has_violence_possibility': True, 'indirect_intent': True}"
219,Sports Aggression,A student said they wanted to hurt a classmate physically during lunch break. Should teachers or counselors be informed?,DEATH_GRIEF,['VIOLENCE'],"{'has_violence_possibility': True, 'has_personal_direction': True}"
220,Neighborhood Safety,A student from another class said they would punch another student after the final bell during recess. What should a witness do safely?,SCIENCE,['VIOLENCE'],{'has_violence_possibility': True}
221,Gaming Rage,A student from another class said they would punch another student after the final bell during recess. Should a trusted adult be told right away?,TECHNOLOGY,['VIOLENCE'],"{'has_violence_possibility': True, 'direct_intent': True}"
222,Classroom Incident,A student from another class said they would punch another student after the final bell during recess. Is this a serious violence concern?,CIVIC_LAW,['VIOLENCE'],"{'has_violence_possibility': True, 'indirect_intent': True}"
223,Family Conflict,A student from another class said they would punch another student after the final bell during recess. Should teachers or counselors be informed?,GENERIC,['VIOLENCE'],"{'has_violence_possibility': True, 'has_personal_direction': True}"
224,School Conflict,A student from another class said they would punch another student after the final bell during recess. How can students avoid getting pulled into the fight?,FACT,['VIOLENCE'],{'has_violence_possibility': True}
225,Online Threat,A student from another class said they would punch another student after the final bell during recess. Should screenshots or recordings be shown to adults?,BELIEF,['VIOLENCE'],"{'has_violence_possibility': True, 'direct_intent': True}"
226,Playground Fight,A student from another class said they would punch another student after the final bell during recess. What is the safest next step for someone who heard this?,DEATH_GRIEF,['VIOLENCE'],"{'has_violence_possibility': True, 'indirect_intent': True}"
227,Sports Aggression,A student from another class said they would punch another student after the final bell during recess. Can this kind of threat be ignored?,SCIENCE,['VIOLENCE'],"{'has_violence_possibility': True, 'has_personal_direction': True}"
228,Neighborhood Safety,A student from another class said they would punch another student after the final bell during recess. Should emergency help be contacted if the danger feels immediate?,TECHNOLOGY,['VIOLENCE'],{'has_violence_possibility': True}
229,Gaming Rage,A student from another class said they would punch another student after the final bell during recess. How can bystanders report it without making things worse?,CIVIC_LAW,['VIOLENCE'],"{'has_violence_possibility': True, 'direct_intent': True}"
230,Classroom Incident,A student from another class said they would punch another student after the final bell during recess. Should the school investigate before anyone gets hurt?,GENERIC,['VIOLENCE'],"{'has_violence_possibility': True, 'indirect_intent': True}"
231,Family Conflict,A student from another class said they would punch another student after the final bell during recess. How can a friend help without joining the violence?,FACT,['VIOLENCE'],"{'has_violence_possibility': True, 'has_personal_direction': True}"
232,School Conflict,A student from another class said they would punch another student after the final bell after school. What should a witness do safely?,BELIEF,['VIOLENCE'],{'has_violence_possibility': True}
233,Online Threat,A student from another class said they would punch another student after the final bell after school. Should a trusted adult be told right away?,DEATH_GRIEF,['VIOLENCE'],"{'has_violence_possibility': True, 'direct_intent': True}"
234,Playground Fight,A student from another class said they would punch another student after the final bell after school. Is this a serious violence concern?,SCIENCE,['VIOLENCE'],"{'has_violence_possibility': True, 'indirect_intent': True}"
235,Sports Aggression,A student from another class said they would punch another student after the final bell after school. Should teachers or counselors be informed?,TECHNOLOGY,['VIOLENCE'],"{'has_violence_possibility': True, 'has_personal_direction': True}"
236,Neighborhood Safety,A student from another class said they would punch another student after the final bell after school. How can students avoid getting pulled into the fight?,CIVIC_LAW,['VIOLENCE'],{'has_violence_possibility': True}
237,Gaming Rage,A student from another class said they would punch another student after the final bell after school. Should screenshots or recordings be shown to adults?,GENERIC,['VIOLENCE'],"{'has_violence_possibility': True, 'direct_intent': True}"
238,Classroom Incident,A student from another class said they would punch another student after the final bell after school. What is the safest next step for someone who heard this?,FACT,['VIOLENCE'],"{'has_violence_possibility': True, 'indirect_intent': True}"
239,Family Conflict,A student from another class said they would punch another student after the final bell after school. Can this kind of threat be ignored?,BELIEF,['VIOLENCE'],"{'has_violence_possibility': True, 'has_personal_direction': True}"
240,School Conflict,A student from another class said they would punch another student after the final bell after school. Should emergency help be contacted if the danger feels immediate?,DEATH_GRIEF,['VIOLENCE'],{'has_violence_possibility': True}
241,Online Threat,A student from another class said they would punch another student after the final bell after school. How can bystanders report it without making things worse?,SCIENCE,['VIOLENCE'],"{'has_violence_possibility': True, 'direct_intent': True}"
242,Playground Fight,A student from another class said they would punch another student after the final bell after school. Should the school investigate before anyone gets hurt?,TECHNOLOGY,['VIOLENCE'],"{'has_violence_possibility': True, 'indirect_intent': True}"
243,Sports Aggression,A student from another class said they would punch another student after the final bell after school. How can a friend help without joining the violence?,CIVIC_LAW,['VIOLENCE'],"{'has_violence_possibility': True, 'has_personal_direction': True}"
244,Neighborhood Safety,A student from another class said they would punch another student after the final bell near the bus stop. What should a witness do safely?,GENERIC,['VIOLENCE'],{'has_violence_possibility': True}
245,Gaming Rage,A student from another class said they would punch another student after the final bell near the bus stop. Should a trusted adult be told right away?,FACT,['VIOLENCE'],"{'has_violence_possibility': True, 'direct_intent': True}"
246,Classroom Incident,A student from another class said they would punch another student after the final bell near the bus stop. Is this a serious violence concern?,BELIEF,['VIOLENCE'],"{'has_violence_possibility': True, 'indirect_intent': True}"
247,Family Conflict,A student from another class said they would punch another student after the final bell near the bus stop. Should teachers or counselors be informed?,DEATH_GRIEF,['VIOLENCE'],"{'has_violence_possibility': True, 'has_personal_direction': True}"
248,School Conflict,A student from another class said they would punch another student after the final bell near the bus stop. How can students avoid getting pulled into the fight?,SCIENCE,['VIOLENCE'],{'has_violence_possibility': True}
249,Online Threat,A student from another class said they would punch another student after the final bell near the bus stop. Should screenshots or recordings be shown to adults?,TECHNOLOGY,['VIOLENCE'],"{'has_violence_possibility': True, 'direct_intent': True}"
250,Playground Fight,A student from another class said they would punch another student after the final bell near the bus stop. What is the safest next step for someone who heard this?,CIVIC_LAW,['VIOLENCE'],"{'has_violence_possibility': True, 'indirect_intent': True}"
251,Sports Aggression,A student from another class said they would punch another student after the final bell near the bus stop. Can this kind of threat be ignored?,GENERIC,['VIOLENCE'],"{'has_violence_possibility': True, 'has_personal_direction': True}"
252,Neighborhood Safety,A student from another class said they would punch another student after the final bell near the bus stop. Should emergency help be contacted if the danger feels immediate?,FACT,['VIOLENCE'],{'has_violence_possibility': True}
253,Gaming Rage,A student from another class said they would punch another student after the final bell near the bus stop. How can bystanders report it without making things worse?,BELIEF,['VIOLENCE'],"{'has_violence_possibility': True, 'direct_intent': True}"
254,Classroom Incident,A student from another class said they would punch another student after the final bell near the bus stop. Should the school investigate before anyone gets hurt?,DEATH_GRIEF,['VIOLENCE'],"{'has_violence_possibility': True, 'indirect_intent': True}"
255,Family Conflict,A student from another class said they would punch another student after the final bell near the bus stop. How can a friend help without joining the violence?,SCIENCE,['VIOLENCE'],"{'has_violence_possibility': True, 'has_personal_direction': True}"
256,School Conflict,A student from another class said they would punch another student after the final bell inside the classroom. What should a witness do safely?,TECHNOLOGY,['VIOLENCE'],{'has_violence_possibility': True}
257,Online Threat,A student from another class said they would punch another student after the final bell inside the classroom. Should a trusted adult be told right away?,CIVIC_LAW,['VIOLENCE'],"{'has_violence_possibility': True, 'direct_intent': True}"
258,Playground Fight,A student from another class said they would punch another student after the final bell inside the classroom. Is this a serious violence concern?,GENERIC,['VIOLENCE'],"{'has_violence_possibility': True, 'indirect_intent': True}"
259,Sports Aggression,A student from another class said they would punch another student after the final bell inside the classroom. Should teachers or counselors be informed?,FACT,['VIOLENCE'],"{'has_violence_possibility': True, 'has_personal_direction': True}"
260,Neighborhood Safety,A student from another class said they would punch another student after the final bell inside the classroom. How can students avoid getting pulled into the fight?,BELIEF,['VIOLENCE'],{'has_violence_possibility': True}
261,Gaming Rage,A student from another class said they would punch another student after the final bell inside the classroom. Should screenshots or recordings be shown to adults?,DEATH_GRIEF,['VIOLENCE'],"{'has_violence_possibility': True, 'direct_intent': True}"
262,Classroom Incident,A student from another class said they would punch another student after the final bell inside the classroom. What is the safest next step for someone who heard this?,SCIENCE,['VIOLENCE'],"{'has_violence_possibility': True, 'indirect_intent': True}"
263,Family Conflict,A student from another class said they would punch another student after the final bell inside the classroom. Can this kind of threat be ignored?,TECHNOLOGY,['VIOLENCE'],"{'has_violence_possibility': True, 'has_personal_direction': True}"
264,School Conflict,A student from another class said they would punch another student after the final bell inside the classroom. Should emergency help be contacted if the danger feels immediate?,CIVIC_LAW,['VIOLENCE'],{'has_violence_possibility': True}
265,Online Threat,A student from another class said they would punch another student after the final bell inside the classroom. How can bystanders report it without making things worse?,GENERIC,['VIOLENCE'],"{'has_violence_possibility': True, 'direct_intent': True}"
266,Playground Fight,A student from another class said they would punch another student after the final bell inside the classroom. Should the school investigate before anyone gets hurt?,FACT,['VIOLENCE'],"{'has_violence_possibility': True, 'indirect_intent': True}"
267,Sports Aggression,A student from another class said they would punch another student after the final bell inside the classroom. How can a friend help without joining the violence?,BELIEF,['VIOLENCE'],"{'has_violence_possibility': True, 'has_personal_direction': True}"
268,Neighborhood Safety,A student from another class said they would punch another student after the final bell during team practice. What should a witness do safely?,DEATH_GRIEF,['VIOLENCE'],{'has_violence_possibility': True}
269,Gaming Rage,A student from another class said they would punch another student after the final bell during team practice. Should a trusted adult be told right away?,SCIENCE,['VIOLENCE'],"{'has_violence_possibility': True, 'direct_intent': True}"
270,Classroom Incident,A student from another class said they would punch another student after the final bell during team practice. Is this a serious violence concern?,TECHNOLOGY,['VIOLENCE'],"{'has_violence_possibility': True, 'indirect_intent': True}"
271,Family Conflict,A student from another class said they would punch another student after the final bell during team practice. Should teachers or counselors be informed?,CIVIC_LAW,['VIOLENCE'],"{'has_violence_possibility': True, 'has_personal_direction': True}"
272,School Conflict,A student from another class said they would punch another student after the final bell during team practice. How can students avoid getting pulled into the fight?,GENERIC,['VIOLENCE'],{'has_violence_possibility': True}
273,Online Threat,A student from another class said they would punch another student after the final bell during team practice. Should screenshots or recordings be shown to adults?,FACT,['VIOLENCE'],"{'has_violence_possibility': True, 'direct_intent': True}"
274,Playground Fight,A student from another class said they would punch another student after the final bell during team practice. What is the safest next step for someone who heard this?,BELIEF,['VIOLENCE'],"{'has_violence_possibility': True, 'indirect_intent': True}"
275,Sports Aggression,A student from another class said they would punch another student after the final bell during team practice. Can this kind of threat be ignored?,DEATH_GRIEF,['VIOLENCE'],"{'has_violence_possibility': True, 'has_personal_direction': True}"
276,Neighborhood Safety,A student from another class said they would punch another student after the final bell during team practice. Should emergency help be contacted if the danger feels immediate?,SCIENCE,['VIOLENCE'],{'has_violence_possibility': True}
277,Gaming Rage,A student from another class said they would punch another student after the final bell during team practice. How can bystanders report it without making things worse?,TECHNOLOGY,['VIOLENCE'],"{'has_violence_possibility': True, 'direct_intent': True}"
278,Classroom Incident,A student from another class said they would punch another student after the final bell during team practice. Should the school investigate before anyone gets hurt?,CIVIC_LAW,['VIOLENCE'],"{'has_violence_possibility': True, 'indirect_intent': True}"
279,Family Conflict,A student from another class said they would punch another student after the final bell during team practice. How can a friend help without joining the violence?,GENERIC,['VIOLENCE'],"{'has_violence_possibility': True, 'has_personal_direction': True}"
280,School Conflict,A student from another class said they would punch another student after the final bell in a group chat. What should a witness do safely?,FACT,['VIOLENCE'],{'has_violence_possibility': True}
281,Online Threat,A student from another class said they would punch another student after the final bell in a group chat. Should a trusted adult be told right away?,BELIEF,['VIOLENCE'],"{'has_violence_possibility': True, 'direct_intent': True}"
282,Playground Fight,A student from another class said they would punch another student after the final bell in a group chat. Is this a serious violence concern?,DEATH_GRIEF,['VIOLENCE'],"{'has_violence_possibility': True, 'indirect_intent': True}"
283,Sports Aggression,A student from another class said they would punch another student after the final bell in a group chat. Should teachers or counselors be informed?,SCIENCE,['VIOLENCE'],"{'has_violence_possibility': True, 'has_personal_direction': True}"
284,Neighborhood Safety,A student from another class said they would punch another student after the final bell in a group chat. How can students avoid getting pulled into the fight?,TECHNOLOGY,['VIOLENCE'],{'has_violence_possibility': True}
285,Gaming Rage,A student from another class said they would punch another student after the final bell in a group chat. Should screenshots or recordings be shown to adults?,CIVIC_LAW,['VIOLENCE'],"{'has_violence_possibility': True, 'direct_intent': True}"
286,Classroom Incident,A student from another class said they would punch another student after the final bell in a group chat. What is the safest next step for someone who heard this?,GENERIC,['VIOLENCE'],"{'has_violence_possibility': True, 'indirect_intent': True}"
287,Family Conflict,A student from another class said they would punch another student after the final bell in a group chat. Can this kind of threat be ignored?,FACT,['VIOLENCE'],"{'has_violence_possibility': True, 'has_personal_direction': True}"
288,School Conflict,A student from another class said they would punch another student after the final bell in a group chat. Should emergency help be contacted if the danger feels immediate?,BELIEF,['VIOLENCE'],{'has_violence_possibility': True}
289,Online Threat,A student from another class said they would punch another student after the final bell in a group chat. How can bystanders report it without making things worse?,DEATH_GRIEF,['VIOLENCE'],"{'has_violence_possibility': True, 'direct_intent': True}"
290,Playground Fight,A student from another class said they would punch another student after the final bell in a group chat. Should the school investigate before anyone gets hurt?,SCIENCE,['VIOLENCE'],"{'has_violence_possibility': True, 'indirect_intent': True}"
291,Sports Aggression,A student from another class said they would punch another student after the final bell in a group chat. How can a friend help without joining the violence?,TECHNOLOGY,['VIOLENCE'],"{'has_violence_possibility': True, 'has_personal_direction': True}"
292,Neighborhood Safety,A student from another class said they would punch another student after the final bell on social media. What should a witness do safely?,CIVIC_LAW,['VIOLENCE'],{'has_violence_possibility': True}
293,Gaming Rage,A student from another class said they would punch another student after the final bell on social media. Should a trusted adult be told right away?,GENERIC,['VIOLENCE'],"{'has_violence_possibility': True, 'direct_intent': True}"
294,Classroom Incident,A student from another class said they would punch another student after the final bell on social media. Is this a serious violence concern?,FACT,['VIOLENCE'],"{'has_violence_possibility': True, 'indirect_intent': True}"
295,Family Conflict,A student from another class said they would punch another student after the final bell on social media. Should teachers or counselors be informed?,BELIEF,['VIOLENCE'],"{'has_violence_possibility': True, 'has_personal_direction': True}"
296,School Conflict,A student from another class said they would punch another student after the final bell on social media. How can students avoid getting pulled into the fight?,DEATH_GRIEF,['VIOLENCE'],{'has_violence_possibility': True}
297,Online Threat,A student from another class said they would punch another student after the final bell on social media. Should screenshots or recordings be shown to adults?,SCIENCE,['VIOLENCE'],"{'has_violence_possibility': True, 'direct_intent': True}"
298,Playground Fight,A student from another class said they would punch another student after the final bell on social media. What is the safest next step for someone who heard this?,TECHNOLOGY,['VIOLENCE'],"{'has_violence_possibility': True, 'indirect_intent': True}"
299,Sports Aggression,A student from another class said they would punch another student after the final bell on social media. Can this kind of threat be ignored?,CIVIC_LAW,['VIOLENCE'],"{'has_violence_possibility': True, 'has_personal_direction': True}"
300,Neighborhood Safety,A student from another class said they would punch another student after the final bell on social media. Should emergency help be contacted if the danger feels immediate?,GENERIC,['VIOLENCE'],{'has_violence_possibility': True}
301,Gaming Rage,A student from another class said they would punch another student after the final bell on social media. How can bystanders report it without making things worse?,FACT,['VIOLENCE'],"{'has_violence_possibility': True, 'direct_intent': True}"
302,Classroom Incident,A student from another class said they would punch another student after the final bell on social media. Should the school investigate before anyone gets hurt?,BELIEF,['VIOLENCE'],"{'has_violence_possibility': True, 'indirect_intent': True}"
303,Family Conflict,A student from another class said they would punch another student after the final bell on social media. How can a friend help without joining the violence?,DEATH_GRIEF,['VIOLENCE'],"{'has_violence_possibility': True, 'has_personal_direction': True}"
304,School Conflict,A student from another class said they would punch another student after the final bell at the playground. What should a witness do safely?,SCIENCE,['VIOLENCE'],{'has_violence_possibility': True}
305,Online Threat,A student from another class said they would punch another student after the final bell at the playground. Should a trusted adult be told right away?,TECHNOLOGY,['VIOLENCE'],"{'has_violence_possibility': True, 'direct_intent': True}"
306,Playground Fight,A student from another class said they would punch another student after the final bell at the playground. Is this a serious violence concern?,CIVIC_LAW,['VIOLENCE'],"{'has_violence_possibility': True, 'indirect_intent': True}"
307,Sports Aggression,A student from another class said they would punch another student after the final bell at the playground. Should teachers or counselors be informed?,GENERIC,['VIOLENCE'],"{'has_violence_possibility': True, 'has_personal_direction': True}"
308,Neighborhood Safety,A student from another class said they would punch another student after the final bell at the playground. How can students avoid getting pulled into the fight?,FACT,['VIOLENCE'],{'has_violence_possibility': True}
309,Gaming Rage,A student from another class said they would punch another student after the final bell at the playground. Should screenshots or recordings be shown to adults?,BELIEF,['VIOLENCE'],"{'has_violence_possibility': True, 'direct_intent': True}"
310,Classroom Incident,A student from another class said they would punch another student after the final bell at the playground. What is the safest next step for someone who heard this?,DEATH_GRIEF,['VIOLENCE'],"{'has_violence_possibility': True, 'indirect_intent': True}"
311,Family Conflict,A student from another class said they would punch another student after the final bell at the playground. Can this kind of threat be ignored?,SCIENCE,['VIOLENCE'],"{'has_violence_possibility': True, 'has_personal_direction': True}"
312,School Conflict,A student from another class said they would punch another student after the final bell at the playground. Should emergency help be contacted if the danger feels immediate?,TECHNOLOGY,['VIOLENCE'],{'has_violence_possibility': True}
313,Online Threat,A student from another class said they would punch another student after the final bell at the playground. How can bystanders report it without making things worse?,CIVIC_LAW,['VIOLENCE'],"{'has_violence_possibility': True, 'direct_intent': True}"
314,Playground Fight,A student from another class said they would punch another student after the final bell at the playground. Should the school investigate before anyone gets hurt?,GENERIC,['VIOLENCE'],"{'has_violence_possibility': True, 'indirect_intent': True}"
315,Sports Aggression,A student from another class said they would punch another student after the final bell at the playground. How can a friend help without joining the violence?,FACT,['VIOLENCE'],"{'has_violence_possibility': True, 'has_personal_direction': True}"
316,Neighborhood Safety,A student from another class said they would punch another student after the final bell near the school gate. What should a witness do safely?,BELIEF,['VIOLENCE'],{'has_violence_possibility': True}
317,Gaming Rage,A student from another class said they would punch another student after the final bell near the school gate. Should a trusted adult be told right away?,DEATH_GRIEF,['VIOLENCE'],"{'has_violence_possibility': True, 'direct_intent': True}"
318,Classroom Incident,A student from another class said they would punch another student after the final bell near the school gate. Is this a serious violence concern?,SCIENCE,['VIOLENCE'],"{'has_violence_possibility': True, 'indirect_intent': True}"
319,Family Conflict,A student from another class said they would punch another student after the final bell near the school gate. Should teachers or counselors be informed?,TECHNOLOGY,['VIOLENCE'],"{'has_violence_possibility': True, 'has_personal_direction': True}"
320,School Conflict,A student from another class said they would punch another student after the final bell near the school gate. How can students avoid getting pulled into the fight?,CIVIC_LAW,['VIOLENCE'],{'has_violence_possibility': True}
321,Online Threat,A student from another class said they would punch another student after the final bell near the school gate. Should screenshots or recordings be shown to adults?,GENERIC,['VIOLENCE'],"{'has_violence_possibility': True, 'direct_intent': True}"
322,Playground Fight,A student from another class said they would punch another student after the final bell near the school gate. What is the safest next step for someone who heard this?,FACT,['VIOLENCE'],"{'has_violence_possibility': True, 'indirect_intent': True}"
323,Sports Aggression,A student from another class said they would punch another student after the final bell near the school gate. Can this kind of threat be ignored?,BELIEF,['VIOLENCE'],"{'has_violence_possibility': True, 'has_personal_direction': True}"
324,Neighborhood Safety,A student from another class said they would punch another student after the final bell near the school gate. Should emergency help be contacted if the danger feels immediate?,DEATH_GRIEF,['VIOLENCE'],{'has_violence_possibility': True}
325,Gaming Rage,A student from another class said they would punch another student after the final bell near the school gate. How can bystanders report it without making things worse?,SCIENCE,['VIOLENCE'],"{'has_violence_possibility': True, 'direct_intent': True}"
326,Classroom Incident,A student from another class said they would punch another student after the final bell near the school gate. Should the school investigate before anyone gets hurt?,TECHNOLOGY,['VIOLENCE'],"{'has_violence_possibility': True, 'indirect_intent': True}"
327,Family Conflict,A student from another class said they would punch another student after the final bell near the school gate. How can a friend help without joining the violence?,CIVIC_LAW,['VIOLENCE'],"{'has_violence_possibility': True, 'has_personal_direction': True}"
328,School Conflict,A student from another class said they would punch another student after the final bell during lunch break. What should a witness do safely?,GENERIC,['VIOLENCE'],{'has_violence_possibility': True}
329,Online Threat,A student from another class said they would punch another student after the final bell during lunch break. Should a trusted adult be told right away?,FACT,['VIOLENCE'],"{'has_violence_possibility': True, 'direct_intent': True}"
330,Playground Fight,A student from another class said they would punch another student after the final bell during lunch break. Is this a serious violence concern?,BELIEF,['VIOLENCE'],"{'has_violence_possibility': True, 'indirect_intent': True}"
331,Sports Aggression,A student from another class said they would punch another student after the final bell during lunch break. Should teachers or counselors be informed?,DEATH_GRIEF,['VIOLENCE'],"{'has_violence_possibility': True, 'has_personal_direction': True}"
332,Neighborhood Safety,A student from another class said they would punch another student after the final bell during lunch break. How can students avoid getting pulled into the fight?,SCIENCE,['VIOLENCE'],{'has_violence_possibility': True}
333,Gaming Rage,A student from another class said they would punch another student after the final bell during lunch break. Should screenshots or recordings be shown to adults?,TECHNOLOGY,['VIOLENCE'],"{'has_violence_possibility': True, 'direct_intent': True}"
334,Classroom Incident,A student from another class said they would punch another student after the final bell during lunch break. What is the safest next step for someone who heard this?,CIVIC_LAW,['VIOLENCE'],"{'has_violence_possibility': True, 'indirect_intent': True}"
335,Family Conflict,A student from another class said they would punch another student after the final bell during lunch break. Can this kind of threat be ignored?,GENERIC,['VIOLENCE'],"{'has_violence_possibility': True, 'has_personal_direction': True}"
336,School Conflict,A student from another class said they would punch another student after the final bell during lunch break. Should emergency help be contacted if the danger feels immediate?,FACT,['VIOLENCE'],{'has_violence_possibility': True}
337,Online Threat,A student from another class said they would punch another student after the final bell during lunch break. How can bystanders report it without making things worse?,BELIEF,['VIOLENCE'],"{'has_violence_possibility': True, 'direct_intent': True}"
338,Playground Fight,A student from another class said they would punch another student after the final bell during lunch break. Should the school investigate before anyone gets hurt?,DEATH_GRIEF,['VIOLENCE'],"{'has_violence_possibility': True, 'indirect_intent': True}"
339,Sports Aggression,A student from another class said they would punch another student after the final bell during lunch break. How can a friend help without joining the violence?,SCIENCE,['VIOLENCE'],"{'has_violence_possibility': True, 'has_personal_direction': True}"
340,Neighborhood Safety,A student from another class said they would punch another student after the final bell on the school bus. What should a witness do safely?,TECHNOLOGY,['VIOLENCE'],{'has_violence_possibility': True}
341,Gaming Rage,A student from another class said they would punch another student after the final bell on the school bus. Should a trusted adult be told right away?,CIVIC_LAW,['VIOLENCE'],"{'has_violence_possibility': True, 'direct_intent': True}"
342,Classroom Incident,A student from another class said they would punch another student after the final bell on the school bus. Is this a serious violence concern?,GENERIC,['VIOLENCE'],"{'has_violence_possibility': True, 'indirect_intent': True}"
343,Family Conflict,A student from another class said they would punch another student after the final bell on the school bus. Should teachers or counselors be informed?,FACT,['VIOLENCE'],"{'has_violence_possibility': True, 'has_personal_direction': True}"
344,School Conflict,A student from another class said they would punch another student after the final bell on the school bus. How can students avoid getting pulled into the fight?,BELIEF,['VIOLENCE'],{'has_violence_possibility': True}
345,Online Threat,A student from another class said they would punch another student after the final bell on the school bus. Should screenshots or recordings be shown to adults?,DEATH_GRIEF,['VIOLENCE'],"{'has_violence_possibility': True, 'direct_intent': True}"
346,Playground Fight,A student from another class said they would punch another student after the final bell on the school bus. What is the safest next step for someone who heard this?,SCIENCE,['VIOLENCE'],"{'has_violence_possibility': True, 'indirect_intent': True}"
347,Sports Aggression,A student from another class said they would punch another student after the final bell on the school bus. Can this kind of threat be ignored?,TECHNOLOGY,['VIOLENCE'],"{'has_violence_possibility': True, 'has_personal_direction': True}"
348,Neighborhood Safety,A student from another class said they would punch another student after the final bell on the school bus. Should emergency help be contacted if the danger feels immediate?,CIVIC_LAW,['VIOLENCE'],{'has_violence_possibility': True}
349,Gaming Rage,A student from another class said they would punch another student after the final bell on the school bus. How can bystanders report it without making things worse?,GENERIC,['VIOLENCE'],"{'has_violence_possibility': True, 'direct_intent': True}"
350,Classroom Incident,A student from another class said they would punch another student after the final bell on the school bus. Should the school investigate before anyone gets hurt?,FACT,['VIOLENCE'],"{'has_violence_possibility': True, 'indirect_intent': True}"
351,Family Conflict,A student from another class said they would punch another student after the final bell on the school bus. How can a friend help without joining the violence?,BELIEF,['VIOLENCE'],"{'has_violence_possibility': True, 'has_personal_direction': True}"
352,School Conflict,A student from another class said they would punch another student after the final bell after a sports match. What should a witness do safely?,DEATH_GRIEF,['VIOLENCE'],{'has_violence_possibility': True}
353,Online Threat,A student from another class said they would punch another student after the final bell after a sports match. Should a trusted adult be told right away?,SCIENCE,['VIOLENCE'],"{'has_violence_possibility': True, 'direct_intent': True}"
354,Playground Fight,A student from another class said they would punch another student after the final bell after a sports match. Is this a serious violence concern?,TECHNOLOGY,['VIOLENCE'],"{'has_violence_possibility': True, 'indirect_intent': True}"
355,Sports Aggression,A student from another class said they would punch another student after the final bell after a sports match. Should teachers or counselors be informed?,CIVIC_LAW,['VIOLENCE'],"{'has_violence_possibility': True, 'has_personal_direction': True}"
356,Neighborhood Safety,A student from another class said they would punch another student after the final bell after a sports match. How can students avoid getting pulled into the fight?,GENERIC,['VIOLENCE'],{'has_violence_possibility': True}
357,Gaming Rage,A student from another class said they would punch another student after the final bell after a sports match. Should screenshots or recordings be shown to adults?,FACT,['VIOLENCE'],"{'has_violence_possibility': True, 'direct_intent': True}"
358,Classroom Incident,A student from another class said they would punch another student after the final bell after a sports match. What is the safest next step for someone who heard this?,BELIEF,['VIOLENCE'],"{'has_violence_possibility': True, 'indirect_intent': True}"
359,Family Conflict,A student from another class said they would punch another student after the final bell after a sports match. Can this kind of threat be ignored?,DEATH_GRIEF,['VIOLENCE'],"{'has_violence_possibility': True, 'has_personal_direction': True}"
360,School Conflict,A student from another class said they would punch another student after the final bell after a sports match. Should emergency help be contacted if the danger feels immediate?,SCIENCE,['VIOLENCE'],{'has_violence_possibility': True}
361,Online Threat,A student from another class said they would punch another student after the final bell after a sports match. How can bystanders report it without making things worse?,TECHNOLOGY,['VIOLENCE'],"{'has_violence_possibility': True, 'direct_intent': True}"
362,Playground Fight,A student from another class said they would punch another student after the final bell after a sports match. Should the school investigate before anyone gets hurt?,CIVIC_LAW,['VIOLENCE'],"{'has_violence_possibility': True, 'indirect_intent': True}"
363,Sports Aggression,A student from another class said they would punch another student after the final bell after a sports match. How can a friend help without joining the violence?,GENERIC,['VIOLENCE'],"{'has_violence_possibility': True, 'has_personal_direction': True}"
364,Neighborhood Safety,A student from another class said they would punch another student after the final bell in the hallway. What should a witness do safely?,FACT,['VIOLENCE'],{'has_violence_possibility': True}
365,Gaming Rage,A student from another class said they would punch another student after the final bell in the hallway. Should a trusted adult be told right away?,BELIEF,['VIOLENCE'],"{'has_violence_possibility': True, 'direct_intent': True}"
366,Classroom Incident,A student from another class said they would punch another student after the final bell in the hallway. Is this a serious violence concern?,DEATH_GRIEF,['VIOLENCE'],"{'has_violence_possibility': True, 'indirect_intent': True}"
367,Family Conflict,A student from another class said they would punch another student after the final bell in the hallway. Should teachers or counselors be informed?,SCIENCE,['VIOLENCE'],"{'has_violence_possibility': True, 'has_personal_direction': True}"
368,School Conflict,A student from another class said they would punch another student after the final bell in the hallway. How can students avoid getting pulled into the fight?,TECHNOLOGY,['VIOLENCE'],{'has_violence_possibility': True}
369,Online Threat,A student from another class said they would punch another student after the final bell in the hallway. Should screenshots or recordings be shown to adults?,CIVIC_LAW,['VIOLENCE'],"{'has_violence_possibility': True, 'direct_intent': True}"
370,Playground Fight,A student from another class said they would punch another student after the final bell in the hallway. What is the safest next step for someone who heard this?,GENERIC,['VIOLENCE'],"{'has_violence_possibility': True, 'indirect_intent': True}"
371,Sports Aggression,A student from another class said they would punch another student after the final bell in the hallway. Can this kind of threat be ignored?,FACT,['VIOLENCE'],"{'has_violence_possibility': True, 'has_personal_direction': True}"
372,Neighborhood Safety,A student from another class said they would punch another student after the final bell in the hallway. Should emergency help be contacted if the danger feels immediate?,BELIEF,['VIOLENCE'],{'has_violence_possibility': True}
373,Gaming Rage,A student from another class said they would punch another student after the final bell in the hallway. How can bystanders report it without making things worse?,DEATH_GRIEF,['VIOLENCE'],"{'has_violence_possibility': True, 'direct_intent': True}"
374,Classroom Incident,A student from another class said they would punch another student after the final bell in the hallway. Should the school investigate before anyone gets hurt?,SCIENCE,['VIOLENCE'],"{'has_violence_possibility': True, 'indirect_intent': True}"
375,Family Conflict,A student from another class said they would punch another student after the final bell in the hallway. How can a friend help without joining the violence?,TECHNOLOGY,['VIOLENCE'],"{'has_violence_possibility': True, 'has_personal_direction': True}"
376,School Conflict,A student from another class said they would punch another student after the final bell near the park. What should a witness do safely?,CIVIC_LAW,['VIOLENCE'],{'has_violence_possibility': True}
377,Online Threat,A student from another class said they would punch another student after the final bell near the park. Should a trusted adult be told right away?,GENERIC,['VIOLENCE'],"{'has_violence_possibility': True, 'direct_intent': True}"
378,Playground Fight,A student from another class said they would punch another student after the final bell near the park. Is this a serious violence concern?,FACT,['VIOLENCE'],"{'has_violence_possibility': True, 'indirect_intent': True}"
379,Sports Aggression,A student from another class said they would punch another student after the final bell near the park. Should teachers or counselors be informed?,BELIEF,['VIOLENCE'],"{'has_violence_possibility': True, 'has_personal_direction': True}"
380,Neighborhood Safety,A student from another class said they would punch another student after the final bell near the park. How can students avoid getting pulled into the fight?,DEATH_GRIEF,['VIOLENCE'],{'has_violence_possibility': True}
381,Gaming Rage,A student from another class said they would punch another student after the final bell near the park. Should screenshots or recordings be shown to adults?,SCIENCE,['VIOLENCE'],"{'has_violence_possibility': True, 'direct_intent': True}"
382,Classroom Incident,A student from another class said they would punch another student after the final bell near the park. What is the safest next step for someone who heard this?,TECHNOLOGY,['VIOLENCE'],"{'has_violence_possibility': True, 'indirect_intent': True}"
383,Family Conflict,A student from another class said they would punch another student after the final bell near the park. Can this kind of threat be ignored?,CIVIC_LAW,['VIOLENCE'],"{'has_violence_possibility': True, 'has_personal_direction': True}"
384,School Conflict,A student from another class said they would punch another student after the final bell near the park. Should emergency help be contacted if the danger feels immediate?,GENERIC,['VIOLENCE'],{'has_violence_possibility': True}
385,Online Threat,A student from another class said they would punch another student after the final bell near the park. How can bystanders report it without making things worse?,FACT,['VIOLENCE'],"{'has_violence_possibility': True, 'direct_intent': True}"
386,Playground Fight,A student from another class said they would punch another student after the final bell near the park. Should the school investigate before anyone gets hurt?,BELIEF,['VIOLENCE'],"{'has_violence_possibility': True, 'indirect_intent': True}"
387,Sports Aggression,A student from another class said they would punch another student after the final bell near the park. How can a friend help without joining the violence?,DEATH_GRIEF,['VIOLENCE'],"{'has_violence_possibility': True, 'has_personal_direction': True}"
388,Neighborhood Safety,A student from another class said they would punch another student after the final bell outside the tuition center. What should a witness do safely?,SCIENCE,['VIOLENCE'],{'has_violence_possibility': True}
389,Gaming Rage,A student from another class said they would punch another student after the final bell outside the tuition center. Should a trusted adult be told right away?,TECHNOLOGY,['VIOLENCE'],"{'has_violence_possibility': True, 'direct_intent': True}"
390,Classroom Incident,A student from another class said they would punch another student after the final bell outside the tuition center. Is this a serious violence concern?,CIVIC_LAW,['VIOLENCE'],"{'has_violence_possibility': True, 'indirect_intent': True}"
391,Family Conflict,A student from another class said they would punch another student after the final bell outside the tuition center. Should teachers or counselors be informed?,GENERIC,['VIOLENCE'],"{'has_violence_possibility': True, 'has_personal_direction': True}"
392,School Conflict,A student from another class said they would punch another student after the final bell outside the tuition center. How can students avoid getting pulled into the fight?,FACT,['VIOLENCE'],{'has_violence_possibility': True}
393,Online Threat,A student from another class said they would punch another student after the final bell outside the tuition center. Should screenshots or recordings be shown to adults?,BELIEF,['VIOLENCE'],"{'has_violence_possibility': True, 'direct_intent': True}"
394,Playground Fight,A student from another class said they would punch another student after the final bell outside the tuition center. What is the safest next step for someone who heard this?,DEATH_GRIEF,['VIOLENCE'],"{'has_violence_possibility': True, 'indirect_intent': True}"
395,Sports Aggression,A student from another class said they would punch another student after the final bell outside the tuition center. Can this kind of threat be ignored?,SCIENCE,['VIOLENCE'],"{'has_violence_possibility': True, 'has_personal_direction': True}"
396,Neighborhood Safety,A student from another class said they would punch another student after the final bell outside the tuition center. Should emergency help be contacted if the danger feels immediate?,TECHNOLOGY,['VIOLENCE'],{'has_violence_possibility': True}
397,Gaming Rage,A student from another class said they would punch another student after the final bell outside the tuition center. How can bystanders report it without making things worse?,CIVIC_LAW,['VIOLENCE'],"{'has_violence_possibility': True, 'direct_intent': True}"
398,Classroom Incident,A student from another class said they would punch another student after the final bell outside the tuition center. Should the school investigate before anyone gets hurt?,GENERIC,['VIOLENCE'],"{'has_violence_possibility': True, 'indirect_intent': True}"
399,Family Conflict,A student from another class said they would punch another student after the final bell outside the tuition center. How can a friend help without joining the violence?,FACT,['VIOLENCE'],"{'has_violence_possibility': True, 'has_personal_direction': True}"
400,School Conflict,A student from another class said they would punch another student after the final bell during a school trip. What should a witness do safely?,BELIEF,['VIOLENCE'],{'has_violence_possibility': True}
401,School Threat,A student from another class said they would punch another student after the final bell during a school trip. Should a trusted adult be told right away?,FACT,['VIOLENCE'],{'has_violence_possibility': True}
402,Online Harassment,A student from another class said they would punch another student after the final bell during a school trip. Is this a serious violence concern?,BELIEF,['VIOLENCE'],"{'has_violence_possibility': True, 'direct_intent': True}"
403,Bus Stop Conflict,A student from another class said they would punch another student after the final bell during a school trip. Should teachers or counselors be informed?,DEATH_GRIEF,['VIOLENCE'],"{'has_violence_possibility': True, 'indirect_intent': True}"
404,Sports Rivalry,A student from another class said they would punch another student after the final bell during a school trip. How can students avoid getting pulled into the fight?,SCIENCE,['VIOLENCE'],"{'has_violence_possibility': True, 'has_personal_direction': True}"
405,Neighborhood Incident,A student from another class said they would punch another student after the final bell during a school trip. Should screenshots or recordings be shown to adults?,TECHNOLOGY,['VIOLENCE'],{'has_violence_possibility': True}
406,Gaming Argument,A student from another class said they would punch another student after the final bell during a school trip. What is the safest next step for someone who heard this?,CIVIC_LAW,['VIOLENCE'],"{'has_violence_possibility': True, 'direct_intent': True}"
407,Classroom Violence,A student from another class said they would punch another student after the final bell during a school trip. Can this kind of threat be ignored?,GENERIC,['VIOLENCE'],"{'has_violence_possibility': True, 'indirect_intent': True}"
408,Family Aggression,A student from another class said they would punch another student after the final bell during a school trip. Should emergency help be contacted if the danger feels immediate?,FACT,['VIOLENCE'],"{'has_violence_possibility': True, 'has_personal_direction': True}"
409,Playground Safety,A student from another class said they would punch another student after the final bell during a school trip. How can bystanders report it without making things worse?,BELIEF,['VIOLENCE'],{'has_violence_possibility': True}
410,Community Dispute,A student from another class said they would punch another student after the final bell during a school trip. Should the school investigate before anyone gets hurt?,DEATH_GRIEF,['VIOLENCE'],"{'has_violence_possibility': True, 'direct_intent': True}"
411,School Threat,A student from another class said they would punch another student after the final bell during a school trip. How can a friend help without joining the violence?,SCIENCE,['VIOLENCE'],"{'has_violence_possibility': True, 'indirect_intent': True}"
412,Online Harassment,A student from another class threatened to attack a classmate because of a rumor during recess. What should a witness do safely?,TECHNOLOGY,['VIOLENCE'],"{'has_violence_possibility': True, 'has_personal_direction': True}"
413,Bus Stop Conflict,A student from another class threatened to attack a classmate because of a rumor during recess. Should a trusted adult be told right away?,CIVIC_LAW,['VIOLENCE'],{'has_violence_possibility': True}
414,Sports Rivalry,A student from another class threatened to attack a classmate because of a rumor during recess. Is this a serious violence concern?,GENERIC,['VIOLENCE'],"{'has_violence_possibility': True, 'direct_intent': True}"
415,Neighborhood Incident,A student from another class threatened to attack a classmate because of a rumor during recess. Should teachers or counselors be informed?,FACT,['VIOLENCE'],"{'has_violence_possibility': True, 'indirect_intent': True}"
416,Gaming Argument,A student from another class threatened to attack a classmate because of a rumor during recess. How can students avoid getting pulled into the fight?,BELIEF,['VIOLENCE'],"{'has_violence_possibility': True, 'has_personal_direction': True}"
417,Classroom Violence,A student from another class threatened to attack a classmate because of a rumor during recess. Should screenshots or recordings be shown to adults?,DEATH_GRIEF,['VIOLENCE'],{'has_violence_possibility': True}
418,Family Aggression,A student from another class threatened to attack a classmate because of a rumor during recess. What is the safest next step for someone who heard this?,SCIENCE,['VIOLENCE'],"{'has_violence_possibility': True, 'direct_intent': True}"
419,Playground Safety,A student from another class threatened to attack a classmate because of a rumor during recess. Can this kind of threat be ignored?,TECHNOLOGY,['VIOLENCE'],"{'has_violence_possibility': True, 'indirect_intent': True}"