question,g1,g2
How do I stop feeling sad when my friend did not smile back at me?,GENERIC,EMOTIONAL
Why do I feel sad when my friend did not smile back at me?,GENERIC,EMOTIONAL
What should I do if I feel sad because my friend did not smile back at me?,GENERIC,EMOTIONAL
How can I calm down after my friend did not smile back at me and I feel sad?,GENERIC,EMOTIONAL
Is it normal to feel sad when my friend did not smile back at me?,GENERIC,EMOTIONAL
How do I stop feeling left out when my friend did not smile back at me?,GENERIC,EMOTIONAL
Why do I feel left out when my friend did not smile back at me?,GENERIC,EMOTIONAL
What should I do if I feel left out because my friend did not smile back at me?,GENERIC,EMOTIONAL
How can I calm down after my friend did not smile back at me and I feel left out?,GENERIC,EMOTIONAL
Is it normal to feel left out when my friend did not smile back at me?,GENERIC,EMOTIONAL
How do I stop feeling embarrassed when my friend did not smile back at me?,GENERIC,EMOTIONAL
Why do I feel embarrassed when my friend did not smile back at me?,GENERIC,EMOTIONAL
What should I do if I feel embarrassed because my friend did not smile back at me?,GENERIC,EMOTIONAL
How can I calm down after my friend did not smile back at me and I feel embarrassed?,GENERIC,EMOTIONAL
Is it normal to feel embarrassed when my friend did not smile back at me?,GENERIC,EMOTIONAL
How do I stop feeling awkward when my friend did not smile back at me?,GENERIC,EMOTIONAL
Why do I feel awkward when my friend did not smile back at me?,GENERIC,EMOTIONAL
What should I do if I feel awkward because my friend did not smile back at me?,GENERIC,EMOTIONAL
How can I calm down after my friend did not smile back at me and I feel awkward?,GENERIC,EMOTIONAL
Is it normal to feel awkward when my friend did not smile back at me?,GENERIC,EMOTIONAL
How do I stop feeling lonely when my friend did not smile back at me?,GENERIC,EMOTIONAL
Why do I feel lonely when my friend did not smile back at me?,GENERIC,EMOTIONAL
What should I do if I feel lonely because my friend did not smile back at me?,GENERIC,EMOTIONAL
How can I calm down after my friend did not smile back at me and I feel lonely?,GENERIC,EMOTIONAL
Is it normal to feel lonely when my friend did not smile back at me?,GENERIC,EMOTIONAL
How do I stop feeling small when my friend did not smile back at me?,GENERIC,EMOTIONAL
Why do I feel small when my friend did not smile back at me?,GENERIC,EMOTIONAL
What should I do if I feel small because my friend did not smile back at me?,GENERIC,EMOTIONAL
How can I calm down after my friend did not smile back at me and I feel small?,GENERIC,EMOTIONAL
Is it normal to feel small when my friend did not smile back at me?,GENERIC,EMOTIONAL
How do I stop feeling worried when my friend did not smile back at me?,GENERIC,EMOTIONAL
Why do I feel worried when my friend did not smile back at me?,GENERIC,EMOTIONAL
What should I do if I feel worried because my friend did not smile back at me?,GENERIC,EMOTIONAL
How can I calm down after my friend did not smile back at me and I feel worried?,GENERIC,EMOTIONAL
Is it normal to feel worried when my friend did not smile back at me?,GENERIC,EMOTIONAL
How do I stop feeling self-conscious when my friend did not smile back at me?,GENERIC,EMOTIONAL
Why do I feel self-conscious when my friend did not smile back at me?,GENERIC,EMOTIONAL
What should I do if I feel self-conscious because my friend did not smile back at me?,GENERIC,EMOTIONAL
How can I calm down after my friend did not smile back at me and I feel self-conscious?,GENERIC,EMOTIONAL
Is it normal to feel self-conscious when my friend did not smile back at me?,GENERIC,EMOTIONAL
How do I stop feeling upset when my friend did not smile back at me?,GENERIC,EMOTIONAL
Why do I feel upset when my friend did not smile back at me?,GENERIC,EMOTIONAL
What should I do if I feel upset because my friend did not smile back at me?,GENERIC,EMOTIONAL
How can I calm down after my friend did not smile back at me and I feel upset?,GENERIC,EMOTIONAL
Is it normal to feel upset when my friend did not smile back at me?,GENERIC,EMOTIONAL
How do I stop feeling confused when my friend did not smile back at me?,GENERIC,EMOTIONAL
Why do I feel confused when my friend did not smile back at me?,GENERIC,EMOTIONAL
What should I do if I feel confused because my friend did not smile back at me?,GENERIC,EMOTIONAL
How can I calm down after my friend did not smile back at me and I feel confused?,GENERIC,EMOTIONAL
Is it normal to feel confused when my friend did not smile back at me?,GENERIC,EMOTIONAL
How do I stop feeling sad when my friend sat somewhere else today?,GENERIC,EMOTIONAL
Why do I feel sad when my friend sat somewhere else today?,GENERIC,EMOTIONAL
What should I do if I feel sad because my friend sat somewhere else today?,GENERIC,EMOTIONAL
How can I calm down after my friend sat somewhere else today and I feel sad?,GENERIC,EMOTIONAL
Is it normal to feel sad when my friend sat somewhere else today?,GENERIC,EMOTIONAL
How do I stop feeling left out when my friend sat somewhere else today?,GENERIC,EMOTIONAL
Why do I feel left out when my friend sat somewhere else today?,GENERIC,EMOTIONAL
What should I do if I feel left out because my friend sat somewhere else today?,GENERIC,EMOTIONAL
How can I calm down after my friend sat somewhere else today and I feel left out?,GENERIC,EMOTIONAL
Is it normal to feel left out when my friend sat somewhere else today?,GENERIC,EMOTIONAL
How do I stop feeling embarrassed when my friend sat somewhere else today?,GENERIC,EMOTIONAL
Why do I feel embarrassed when my friend sat somewhere else today?,GENERIC,EMOTIONAL
What should I do if I feel embarrassed because my friend sat somewhere else today?,GENERIC,EMOTIONAL
How can I calm down after my friend sat somewhere else today and I feel embarrassed?,GENERIC,EMOTIONAL
Is it normal to feel embarrassed when my friend sat somewhere else today?,GENERIC,EMOTIONAL
How do I stop feeling awkward when my friend sat somewhere else today?,GENERIC,EMOTIONAL
Why do I feel awkward when my friend sat somewhere else today?,GENERIC,EMOTIONAL
What should I do if I feel awkward because my friend sat somewhere else today?,GENERIC,EMOTIONAL
How can I calm down after my friend sat somewhere else today and I feel awkward?,GENERIC,EMOTIONAL
Is it normal to feel awkward when my friend sat somewhere else today?,GENERIC,EMOTIONAL
How do I stop feeling lonely when my friend sat somewhere else today?,GENERIC,EMOTIONAL
Why do I feel lonely when my friend sat somewhere else today?,GENERIC,EMOTIONAL
What should I do if I feel lonely because my friend sat somewhere else today?,GENERIC,EMOTIONAL
How can I calm down after my friend sat somewhere else today and I feel lonely?,GENERIC,EMOTIONAL
Is it normal to feel lonely when my friend sat somewhere else today?,GENERIC,EMOTIONAL
How do I stop feeling small when my friend sat somewhere else today?,GENERIC,EMOTIONAL
Why do I feel small when my friend sat somewhere else today?,GENERIC,EMOTIONAL
What should I do if I feel small because my friend sat somewhere else today?,GENERIC,EMOTIONAL
How can I calm down after my friend sat somewhere else today and I feel small?,GENERIC,EMOTIONAL
Is it normal to feel small when my friend sat somewhere else today?,GENERIC,EMOTIONAL
How do I stop feeling worried when my friend sat somewhere else today?,GENERIC,EMOTIONAL
Why do I feel worried when my friend sat somewhere else today?,GENERIC,EMOTIONAL
What should I do if I feel worried because my friend sat somewhere else today?,GENERIC,EMOTIONAL
How can I calm down after my friend sat somewhere else today and I feel worried?,GENERIC,EMOTIONAL
Is it normal to feel worried when my friend sat somewhere else today?,GENERIC,EMOTIONAL
How do I stop feeling self-conscious when my friend sat somewhere else today?,GENERIC,EMOTIONAL
Why do I feel self-conscious when my friend sat somewhere else today?,GENERIC,EMOTIONAL
What should I do if I feel self-conscious because my friend sat somewhere else today?,GENERIC,EMOTIONAL
How can I calm down after my friend sat somewhere else today and I feel self-conscious?,GENERIC,EMOTIONAL
Is it normal to feel self-conscious when my friend sat somewhere else today?,GENERIC,EMOTIONAL
How do I stop feeling upset when my friend sat somewhere else today?,GENERIC,EMOTIONAL
Why do I feel upset when my friend sat somewhere else today?,GENERIC,EMOTIONAL
What should I do if I feel upset because my friend sat somewhere else today?,GENERIC,EMOTIONAL
How can I calm down after my friend sat somewhere else today and I feel upset?,GENERIC,EMOTIONAL
Is it normal to feel upset when my friend sat somewhere else today?,GENERIC,EMOTIONAL
How do I stop feeling confused when my friend sat somewhere else today?,GENERIC,EMOTIONAL
Why do I feel confused when my friend sat somewhere else today?,GENERIC,EMOTIONAL
What should I do if I feel confused because my friend sat somewhere else today?,GENERIC,EMOTIONAL
How can I calm down after my friend sat somewhere else today and I feel confused?,GENERIC,EMOTIONAL
Is it normal to feel confused when my friend sat somewhere else today?,GENERIC,EMOTIONAL
How do I stop feeling sad when my friend forgot to reply to my message?,GENERIC,EMOTIONAL
Why do I feel sad when my friend forgot to reply to my message?,GENERIC,EMOTIONAL
What should I do if I feel sad because my friend forgot to reply to my message?,GENERIC,EMOTIONAL
How can I calm down after my friend forgot to reply to my message and I feel sad?,GENERIC,EMOTIONAL
Is it normal to feel sad when my friend forgot to reply to my message?,GENERIC,EMOTIONAL
How do I stop feeling left out when my friend forgot to reply to my message?,GENERIC,EMOTIONAL
Why do I feel left out when my friend forgot to reply to my message?,GENERIC,EMOTIONAL
What should I do if I feel left out because my friend forgot to reply to my message?,GENERIC,EMOTIONAL
How can I calm down after my friend forgot to reply to my message and I feel left out?,GENERIC,EMOTIONAL
Is it normal to feel left out when my friend forgot to reply to my message?,GENERIC,EMOTIONAL
How do I stop feeling embarrassed when my friend forgot to reply to my message?,GENERIC,EMOTIONAL
Why do I feel embarrassed when my friend forgot to reply to my message?,GENERIC,EMOTIONAL
What should I do if I feel embarrassed because my friend forgot to reply to my message?,GENERIC,EMOTIONAL
How can I calm down after my friend forgot to reply to my message and I feel embarrassed?,GENERIC,EMOTIONAL
Is it normal to feel embarrassed when my friend forgot to reply to my message?,GENERIC,EMOTIONAL
How do I stop feeling awkward when my friend forgot to reply to my message?,GENERIC,EMOTIONAL
Why do I feel awkward when my friend forgot to reply to my message?,GENERIC,EMOTIONAL
What should I do if I feel awkward because my friend forgot to reply to my message?,GENERIC,EMOTIONAL
How can I calm down after my friend forgot to reply to my message and I feel awkward?,GENERIC,EMOTIONAL
Is it normal to feel awkward when my friend forgot to reply to my message?,GENERIC,EMOTIONAL
How do I stop feeling lonely when my friend forgot to reply to my message?,GENERIC,EMOTIONAL
Why do I feel lonely when my friend forgot to reply to my message?,GENERIC,EMOTIONAL
What should I do if I feel lonely because my friend forgot to reply to my message?,GENERIC,EMOTIONAL
How can I calm down after my friend forgot to reply to my message and I feel lonely?,GENERIC,EMOTIONAL
Is it normal to feel lonely when my friend forgot to reply to my message?,GENERIC,EMOTIONAL
How do I stop feeling small when my friend forgot to reply to my message?,GENERIC,EMOTIONAL
Why do I feel small when my friend forgot to reply to my message?,GENERIC,EMOTIONAL
What should I do if I feel small because my friend forgot to reply to my message?,GENERIC,EMOTIONAL
How can I calm down after my friend forgot to reply to my message and I feel small?,GENERIC,EMOTIONAL
Is it normal to feel small when my friend forgot to reply to my message?,GENERIC,EMOTIONAL
How do I stop feeling worried when my friend forgot to reply to my message?,GENERIC,EMOTIONAL
Why do I feel worried when my friend forgot to reply to my message?,GENERIC,EMOTIONAL
What should I do if I feel worried because my friend forgot to reply to my message?,GENERIC,EMOTIONAL
How can I calm down after my friend forgot to reply to my message and I feel worried?,GENERIC,EMOTIONAL
Is it normal to feel worried when my friend forgot to reply to my message?,GENERIC,EMOTIONAL
How do I stop feeling self-conscious when my friend forgot to reply to my message?,GENERIC,EMOTIONAL
Why do I feel self-conscious when my friend forgot to reply to my message?,GENERIC,EMOTIONAL
What should I do if I feel self-conscious because my friend forgot to reply to my message?,GENERIC,EMOTIONAL
How can I calm down after my friend forgot to reply to my message and I feel self-conscious?,GENERIC,EMOTIONAL
Is it normal to feel self-conscious when my friend forgot to reply to my message?,GENERIC,EMOTIONAL
How do I stop feeling upset when my friend forgot to reply to my message?,GENERIC,EMOTIONAL
Why do I feel upset when my friend forgot to reply to my message?,GENERIC,EMOTIONAL
What should I do if I feel upset because my friend forgot to reply to my message?,GENERIC,EMOTIONAL
How can I calm down after my friend forgot to reply to my message and I feel upset?,GENERIC,EMOTIONAL
Is it normal to feel upset when my friend forgot to reply to my message?,GENERIC,EMOTIONAL
How do I stop feeling confused when my friend forgot to reply to my message?,GENERIC,EMOTIONAL
Why do I feel confused when my friend forgot to reply to my message?,GENERIC,EMOTIONAL
What should I do if I feel confused because my friend forgot to reply to my message?,GENERIC,EMOTIONAL
How can I calm down after my friend forgot to reply to my message and I feel confused?,GENERIC,EMOTIONAL
Is it normal to feel confused when my friend forgot to reply to my message?,GENERIC,EMOTIONAL
How do I stop feeling sad when my friend picked another partner first?,GENERIC,EMOTIONAL
Why do I feel sad when my friend picked another partner first?,GENERIC,EMOTIONAL
What should I do if I feel sad because my friend picked another partner first?,GENERIC,EMOTIONAL
How can I calm down after my friend picked another partner first and I feel sad?,GENERIC,EMOTIONAL
Is it normal to feel sad when my friend picked another partner first?,GENERIC,EMOTIONAL
How do I stop feeling left out when my friend picked another partner first?,GENERIC,EMOTIONAL
Why do I feel left out when my friend picked another partner first?,GENERIC,EMOTIONAL
What should I do if I feel left out because my friend picked another partner first?,GENERIC,EMOTIONAL
How can I calm down after my friend picked another partner first and I feel left out?,GENERIC,EMOTIONAL
Is it normal to feel left out when my friend picked another partner first?,GENERIC,EMOTIONAL
How do I stop feeling embarrassed when my friend picked another partner first?,GENERIC,EMOTIONAL
Why do I feel embarrassed when my friend picked another partner first?,GENERIC,EMOTIONAL
What should I do if I feel embarrassed because my friend picked another partner first?,GENERIC,EMOTIONAL
How can I calm down after my friend picked another partner first and I feel embarrassed?,GENERIC,EMOTIONAL
Is it normal to feel embarrassed when my friend picked another partner first?,GENERIC,EMOTIONAL
How do I stop feeling awkward when my friend picked another partner first?,GENERIC,EMOTIONAL
Why do I feel awkward when my friend picked another partner first?,GENERIC,EMOTIONAL
What should I do if I feel awkward because my friend picked another partner first?,GENERIC,EMOTIONAL
How can I calm down after my friend picked another partner first and I feel awkward?,GENERIC,EMOTIONAL
Is it normal to feel awkward when my friend picked another partner first?,GENERIC,EMOTIONAL
How do I stop feeling lonely when my friend picked another partner first?,GENERIC,EMOTIONAL
Why do I feel lonely when my friend picked another partner first?,GENERIC,EMOTIONAL
What should I do if I feel lonely because my friend picked another partner first?,GENERIC,EMOTIONAL
How can I calm down after my friend picked another partner first and I feel lonely?,GENERIC,EMOTIONAL
Is it normal to feel lonely when my friend picked another partner first?,GENERIC,EMOTIONAL
How do I stop feeling small when my friend picked another partner first?,GENERIC,EMOTIONAL
Why do I feel small when my friend picked another partner first?,GENERIC,EMOTIONAL
What should I do if I feel small because my friend picked another partner first?,GENERIC,EMOTIONAL
How can I calm down after my friend picked another partner first and I feel small?,GENERIC,EMOTIONAL
Is it normal to feel small when my friend picked another partner first?,GENERIC,EMOTIONAL
How do I stop feeling worried when my friend picked another partner first?,GENERIC,EMOTIONAL
Why do I feel worried when my friend picked another partner first?,GENERIC,EMOTIONAL
What should I do if I feel worried because my friend picked another partner first?,GENERIC,EMOTIONAL
How can I calm down after my friend picked another partner first and I feel worried?,GENERIC,EMOTIONAL
Is it normal to feel worried when my friend picked another partner first?,GENERIC,EMOTIONAL
How do I stop feeling self-conscious when my friend picked another partner first?,GENERIC,EMOTIONAL
Why do I feel self-conscious when my friend picked another partner first?,GENERIC,EMOTIONAL
What should I do if I feel self-conscious because my friend picked another partner first?,GENERIC,EMOTIONAL
How can I calm down after my friend picked another partner first and I feel self-conscious?,GENERIC,EMOTIONAL
Is it normal to feel self-conscious when my friend picked another partner first?,GENERIC,EMOTIONAL
How do I stop feeling upset when my friend picked another partner first?,GENERIC,EMOTIONAL
Why do I feel upset when my friend picked another partner first?,GENERIC,EMOTIONAL
What should I do if I feel upset because my friend picked another partner first?,GENERIC,EMOTIONAL
How can I calm down after my friend picked another partner first and I feel upset?,GENERIC,EMOTIONAL
Is it normal to feel upset when my friend picked another partner first?,GENERIC,EMOTIONAL
How do I stop feeling confused when my friend picked another partner first?,GENERIC,EMOTIONAL
Why do I feel confused when my friend picked another partner first?,GENERIC,EMOTIONAL
What should I do if I feel confused because my friend picked another partner first?,GENERIC,EMOTIONAL
How can I calm down after my friend picked another partner first and I feel confused?,GENERIC,EMOTIONAL
Is it normal to feel confused when my friend picked another partner first?,GENERIC,EMOTIONAL
How do I stop feeling sad when my friend seemed distracted when I was talking?,GENERIC,EMOTIONAL
Why do I feel sad when my friend seemed distracted when I was talking?,GENERIC,EMOTIONAL
What should I do if I feel sad because my friend seemed distracted when I was talking?,GENERIC,EMOTIONAL
How can I calm down after my friend seemed distracted when I was talking and I feel sad?,GENERIC,EMOTIONAL
Is it normal to feel sad when my friend seemed distracted when I was talking?,GENERIC,EMOTIONAL
How do I stop feeling left out when my friend seemed distracted when I was talking?,GENERIC,EMOTIONAL
Why do I feel left out when my friend seemed distracted when I was talking?,GENERIC,EMOTIONAL
What should I do if I feel left out because my friend seemed distracted when I was talking?,GENERIC,EMOTIONAL
How can I calm down after my friend seemed distracted when I was talking and I feel left out?,GENERIC,EMOTIONAL
Is it normal to feel left out when my friend seemed distracted when I was talking?,GENERIC,EMOTIONAL
How do I stop feeling embarrassed when my friend seemed distracted when I was talking?,GENERIC,EMOTIONAL
Why do I feel embarrassed when my friend seemed distracted when I was talking?,GENERIC,EMOTIONAL
What should I do if I feel embarrassed because my friend seemed distracted when I was talking?,GENERIC,EMOTIONAL
How can I calm down after my friend seemed distracted when I was talking and I feel embarrassed?,GENERIC,EMOTIONAL
Is it normal to feel embarrassed when my friend seemed distracted when I was talking?,GENERIC,EMOTIONAL
How do I stop feeling awkward when my friend seemed distracted when I was talking?,GENERIC,EMOTIONAL
Why do I feel awkward when my friend seemed distracted when I was talking?,GENERIC,EMOTIONAL
What should I do if I feel awkward because my friend seemed distracted when I was talking?,GENERIC,EMOTIONAL
How can I calm down after my friend seemed distracted when I was talking and I feel awkward?,GENERIC,EMOTIONAL
Is it normal to feel awkward when my friend seemed distracted when I was talking?,GENERIC,EMOTIONAL
How do I stop feeling lonely when my friend seemed distracted when I was talking?,GENERIC,EMOTIONAL
Why do I feel lonely when my friend seemed distracted when I was talking?,GENERIC,EMOTIONAL
What should I do if I feel lonely because my friend seemed distracted when I was talking?,GENERIC,EMOTIONAL
How can I calm down after my friend seemed distracted when I was talking and I feel lonely?,GENERIC,EMOTIONAL
Is it normal to feel lonely when my friend seemed distracted when I was talking?,GENERIC,EMOTIONAL
How do I stop feeling small when my friend seemed distracted when I was talking?,GENERIC,EMOTIONAL
Why do I feel small when my friend seemed distracted when I was talking?,GENERIC,EMOTIONAL
What should I do if I feel small because my friend seemed distracted when I was talking?,GENERIC,EMOTIONAL
How can I calm down after my friend seemed distracted when I was talking and I feel small?,GENERIC,EMOTIONAL
Is it normal to feel small when my friend seemed distracted when I was talking?,GENERIC,EMOTIONAL
How do I stop feeling worried when my friend seemed distracted when I was talking?,GENERIC,EMOTIONAL
Why do I feel worried when my friend seemed distracted when I was talking?,GENERIC,EMOTIONAL
What should I do if I feel worried because my friend seemed distracted when I was talking?,GENERIC,EMOTIONAL
How can I calm down after my friend seemed distracted when I was talking and I feel worried?,GENERIC,EMOTIONAL
Is it normal to feel worried when my friend seemed distracted when I was talking?,GENERIC,EMOTIONAL
How do I stop feeling self-conscious when my friend seemed distracted when I was talking?,GENERIC,EMOTIONAL
Why do I feel self-conscious when my friend seemed distracted when I was talking?,GENERIC,EMOTIONAL
What should I do if I feel self-conscious because my friend seemed distracted when I was talking?,GENERIC,EMOTIONAL
How can I calm down after my friend seemed distracted when I was talking and I feel self-conscious?,GENERIC,EMOTIONAL
Is it normal to feel self-conscious when my friend seemed distracted when I was talking?,GENERIC,EMOTIONAL
How do I stop feeling upset when my friend seemed distracted when I was talking?,GENERIC,EMOTIONAL
Why do I feel upset when my friend seemed distracted when I was talking?,GENERIC,EMOTIONAL
What should I do if I feel upset because my friend seemed distracted when I was talking?,GENERIC,EMOTIONAL
How can I calm down after my friend seemed distracted when I was talking and I feel upset?,GENERIC,EMOTIONAL
Is it normal to feel upset when my friend seemed distracted when I was talking?,GENERIC,EMOTIONAL
How do I stop feeling confused when my friend seemed distracted when I was talking?,GENERIC,EMOTIONAL
Why do I feel confused when my friend seemed distracted when I was talking?,GENERIC,EMOTIONAL
What should I do if I feel confused because my friend seemed distracted when I was talking?,GENERIC,EMOTIONAL
How can I calm down after my friend seemed distracted when I was talking and I feel confused?,GENERIC,EMOTIONAL
Is it normal to feel confused when my friend seemed distracted when I was talking?,GENERIC,EMOTIONAL
A kid in my class shoved me after lunch. What should I do next?,VIOLENCE,VIOLENCE
A kid in my class shoved me after lunch. How do I stay safe?,VIOLENCE,VIOLENCE
A kid in my class shoved me after lunch. Should I tell a teacher right away?,VIOLENCE,VIOLENCE
A kid in my class shoved me after lunch. How can I keep it from getting worse?,VIOLENCE,VIOLENCE
A kid in my class shoved me after lunch. What can I say without starting another fight?,VIOLENCE,VIOLENCE
A kid in my class shoved me during recess. What should I do next?,VIOLENCE,VIOLENCE
A kid in my class shoved me during recess. How do I stay safe?,VIOLENCE,VIOLENCE
A kid in my class shoved me during recess. Should I tell a teacher right away?,VIOLENCE,VIOLENCE
A kid in my class shoved me during recess. How can I keep it from getting worse?,VIOLENCE,VIOLENCE
A kid in my class shoved me during recess. What can I say without starting another fight?,VIOLENCE,VIOLENCE
A kid in my class shoved me in the corridor. What should I do next?,VIOLENCE,VIOLENCE
A kid in my class shoved me in the corridor. How do I stay safe?,VIOLENCE,VIOLENCE
A kid in my class shoved me in the corridor. Should I tell a teacher right away?,VIOLENCE,VIOLENCE
A kid in my class shoved me in the corridor. How can I keep it from getting worse?,VIOLENCE,VIOLENCE
A kid in my class shoved me in the corridor. What can I say without starting another fight?,VIOLENCE,VIOLENCE
A kid in my class shoved me outside the gym. What should I do next?,VIOLENCE,VIOLENCE
A kid in my class shoved me outside the gym. How do I stay safe?,VIOLENCE,VIOLENCE
A kid in my class shoved me outside the gym. Should I tell a teacher right away?,VIOLENCE,VIOLENCE
A kid in my class shoved me outside the gym. How can I keep it from getting worse?,VIOLENCE,VIOLENCE
A kid in my class shoved me outside the gym. What can I say without starting another fight?,VIOLENCE,VIOLENCE
A kid in my class shoved me near the school gate. What should I do next?,VIOLENCE,VIOLENCE
A kid in my class shoved me near the school gate. How do I stay safe?,VIOLENCE,VIOLENCE
A kid in my class shoved me near the school gate. Should I tell a teacher right away?,VIOLENCE,VIOLENCE
A kid in my class shoved me near the school gate. How can I keep it from getting worse?,VIOLENCE,VIOLENCE
A kid in my class shoved me near the school gate. What can I say without starting another fight?,VIOLENCE,VIOLENCE
A kid in my class shoved me on the bus. What should I do next?,VIOLENCE,VIOLENCE
A kid in my class shoved me on the bus. How do I stay safe?,VIOLENCE,VIOLENCE
A kid in my class shoved me on the bus. Should I tell a teacher right away?,VIOLENCE,VIOLENCE
A kid in my class shoved me on the bus. How can I keep it from getting worse?,VIOLENCE,VIOLENCE
A kid in my class shoved me on the bus. What can I say without starting another fight?,VIOLENCE,VIOLENCE
A kid in my class shoved me during practice. What should I do next?,VIOLENCE,VIOLENCE
A kid in my class shoved me during practice. How do I stay safe?,VIOLENCE,VIOLENCE
A kid in my class shoved me during practice. Should I tell a teacher right away?,VIOLENCE,VIOLENCE
A kid in my class shoved me during practice. How can I keep it from getting worse?,VIOLENCE,VIOLENCE
A kid in my class shoved me during practice. What can I say without starting another fight?,VIOLENCE,VIOLENCE
A kid in my class shoved me after class. What should I do next?,VIOLENCE,VIOLENCE
A kid in my class shoved me after class. How do I stay safe?,VIOLENCE,VIOLENCE
A kid in my class shoved me after class. Should I tell a teacher right away?,VIOLENCE,VIOLENCE
A kid in my class shoved me after class. How can I keep it from getting worse?,VIOLENCE,VIOLENCE
A kid in my class shoved me after class. What can I say without starting another fight?,VIOLENCE,VIOLENCE
A kid in my class shoved me by the lockers. What should I do next?,VIOLENCE,VIOLENCE
A kid in my class shoved me by the lockers. How do I stay safe?,VIOLENCE,VIOLENCE
A kid in my class shoved me by the lockers. Should I tell a teacher right away?,VIOLENCE,VIOLENCE
A kid in my class shoved me by the lockers. How can I keep it from getting worse?,VIOLENCE,VIOLENCE
A kid in my class shoved me by the lockers. What can I say without starting another fight?,VIOLENCE,VIOLENCE
A kid in my class shoved me at the park. What should I do next?,VIOLENCE,VIOLENCE
A kid in my class shoved me at the park. How do I stay safe?,VIOLENCE,VIOLENCE
A kid in my class shoved me at the park. Should I tell a teacher right away?,VIOLENCE,VIOLENCE
A kid in my class shoved me at the park. How can I keep it from getting worse?,VIOLENCE,VIOLENCE
A kid in my class shoved me at the park. What can I say without starting another fight?,VIOLENCE,VIOLENCE
A kid in my class tried to hit me after lunch. What should I do next?,VIOLENCE,VIOLENCE
A kid in my class tried to hit me after lunch. How do I stay safe?,VIOLENCE,VIOLENCE
A kid in my class tried to hit me after lunch. Should I tell a teacher right away?,VIOLENCE,VIOLENCE
A kid in my class tried to hit me after lunch. How can I keep it from getting worse?,VIOLENCE,VIOLENCE
A kid in my class tried to hit me after lunch. What can I say without starting another fight?,VIOLENCE,VIOLENCE
A kid in my class tried to hit me during recess. What should I do next?,VIOLENCE,VIOLENCE
A kid in my class tried to hit me during recess. How do I stay safe?,VIOLENCE,VIOLENCE
A kid in my class tried to hit me during recess. Should I tell a teacher right away?,VIOLENCE,VIOLENCE
A kid in my class tried to hit me during recess. How can I keep it from getting worse?,VIOLENCE,VIOLENCE
A kid in my class tried to hit me during recess. What can I say without starting another fight?,VIOLENCE,VIOLENCE
A kid in my class tried to hit me in the corridor. What should I do next?,VIOLENCE,VIOLENCE
A kid in my class tried to hit me in the corridor. How do I stay safe?,VIOLENCE,VIOLENCE
A kid in my class tried to hit me in the corridor. Should I tell a teacher right away?,VIOLENCE,VIOLENCE
A kid in my class tried to hit me in the corridor. How can I keep it from getting worse?,VIOLENCE,VIOLENCE
A kid in my class tried to hit me in the corridor. What can I say without starting another fight?,VIOLENCE,VIOLENCE
A kid in my class tried to hit me outside the gym. What should I do next?,VIOLENCE,VIOLENCE
A kid in my class tried to hit me outside the gym. How do I stay safe?,VIOLENCE,VIOLENCE
A kid in my class tried to hit me outside the gym. Should I tell a teacher right away?,VIOLENCE,VIOLENCE
A kid in my class tried to hit me outside the gym. How can I keep it from getting worse?,VIOLENCE,VIOLENCE
A kid in my class tried to hit me outside the gym. What can I say without starting another fight?,VIOLENCE,VIOLENCE
A kid in my class tried to hit me near the school gate. What should I do next?,VIOLENCE,VIOLENCE
A kid in my class tried to hit me near the school gate. How do I stay safe?,VIOLENCE,VIOLENCE
A kid in my class tried to hit me near the school gate. Should I tell a teacher right away?,VIOLENCE,VIOLENCE
A kid in my class tried to hit me near the school gate. How can I keep it from getting worse?,VIOLENCE,VIOLENCE
A kid in my class tried to hit me near the school gate. What can I say without starting another fight?,VIOLENCE,VIOLENCE
A kid in my class tried to hit me on the bus. What should I do next?,VIOLENCE,VIOLENCE
A kid in my class tried to hit me on the bus. How do I stay safe?,VIOLENCE,VIOLENCE
A kid in my class tried to hit me on the bus. Should I tell a teacher right away?,VIOLENCE,VIOLENCE
A kid in my class tried to hit me on the bus. How can I keep it from getting worse?,VIOLENCE,VIOLENCE
A kid in my class tried to hit me on the bus. What can I say without starting another fight?,VIOLENCE,VIOLENCE
A kid in my class tried to hit me during practice. What should I do next?,VIOLENCE,VIOLENCE
A kid in my class tried to hit me during practice. How do I stay safe?,VIOLENCE,VIOLENCE
A kid in my class tried to hit me during practice. Should I tell a teacher right away?,VIOLENCE,VIOLENCE
A kid in my class tried to hit me during practice. How can I keep it from getting worse?,VIOLENCE,VIOLENCE
A kid in my class tried to hit me during practice. What can I say without starting another fight?,VIOLENCE,VIOLENCE
A kid in my class tried to hit me after class. What should I do next?,VIOLENCE,VIOLENCE
A kid in my class tried to hit me after class. How do I stay safe?,VIOLENCE,VIOLENCE
A kid in my class tried to hit me after class. Should I tell a teacher right away?,VIOLENCE,VIOLENCE
A kid in my class tried to hit me after class. How can I keep it from getting worse?,VIOLENCE,VIOLENCE
A kid in my class tried to hit me after class. What can I say without starting another fight?,VIOLENCE,VIOLENCE
A kid in my class tried to hit me by the lockers. What should I do next?,VIOLENCE,VIOLENCE
A kid in my class tried to hit me by the lockers. How do I stay safe?,VIOLENCE,VIOLENCE
A kid in my class tried to hit me by the lockers. Should I tell a teacher right away?,VIOLENCE,VIOLENCE
A kid in my class tried to hit me by the lockers. How can I keep it from getting worse?,VIOLENCE,VIOLENCE
A kid in my class tried to hit me by the lockers. What can I say without starting another fight?,VIOLENCE,VIOLENCE
A kid in my class tried to hit me at the park. What should I do next?,VIOLENCE,VIOLENCE
A kid in my class tried to hit me at the park. How do I stay safe?,VIOLENCE,VIOLENCE
A kid in my class tried to hit me at the park. Should I tell a teacher right away?,VIOLENCE,VIOLENCE
A kid in my class tried to hit me at the park. How can I keep it from getting worse?,VIOLENCE,VIOLENCE
A kid in my class tried to hit me at the park. What can I say without starting another fight?,VIOLENCE,VIOLENCE
A kid in my class threw a bottle at me after lunch. What should I do next?,VIOLENCE,VIOLENCE
A kid in my class threw a bottle at me after lunch. How do I stay safe?,VIOLENCE,VIOLENCE
A kid in my class threw a bottle at me after lunch. Should I tell a teacher right away?,VIOLENCE,VIOLENCE
A kid in my class threw a bottle at me after lunch. How can I keep it from getting worse?,VIOLENCE,VIOLENCE
A kid in my class threw a bottle at me after lunch. What can I say without starting another fight?,VIOLENCE,VIOLENCE
A kid in my class threw a bottle at me during recess. What should I do next?,VIOLENCE,VIOLENCE
A kid in my class threw a bottle at me during recess. How do I stay safe?,VIOLENCE,VIOLENCE
A kid in my class threw a bottle at me during recess. Should I tell a teacher right away?,VIOLENCE,VIOLENCE
A kid in my class threw a bottle at me during recess. How can I keep it from getting worse?,VIOLENCE,VIOLENCE
A kid in my class threw a bottle at me during recess. What can I say without starting another fight?,VIOLENCE,VIOLENCE
A kid in my class threw a bottle at me in the corridor. What should I do next?,VIOLENCE,VIOLENCE
A kid in my class threw a bottle at me in the corridor. How do I stay safe?,VIOLENCE,VIOLENCE
A kid in my class threw a bottle at me in the corridor. Should I tell a teacher right away?,VIOLENCE,VIOLENCE
A kid in my class threw a bottle at me in the corridor. How can I keep it from getting worse?,VIOLENCE,VIOLENCE
A kid in my class threw a bottle at me in the corridor. What can I say without starting another fight?,VIOLENCE,VIOLENCE
A kid in my class threw a bottle at me outside the gym. What should I do next?,VIOLENCE,VIOLENCE
A kid in my class threw a bottle at me outside the gym. How do I stay safe?,VIOLENCE,VIOLENCE
A kid in my class threw a bottle at me outside the gym. Should I tell a teacher right away?,VIOLENCE,VIOLENCE
A kid in my class threw a bottle at me outside the gym. How can I keep it from getting worse?,VIOLENCE,VIOLENCE
A kid in my class threw a bottle at me outside the gym. What can I say without starting another fight?,VIOLENCE,VIOLENCE
A kid in my class threw a bottle at me near the school gate. What should I do next?,VIOLENCE,VIOLENCE
A kid in my class threw a bottle at me near the school gate. How do I stay safe?,VIOLENCE,VIOLENCE
A kid in my class threw a bottle at me near the school gate. Should I tell a teacher right away?,VIOLENCE,VIOLENCE
A kid in my class threw a bottle at me near the school gate. How can I keep it from getting worse?,VIOLENCE,VIOLENCE
A kid in my class threw a bottle at me near the school gate. What can I say without starting another fight?,VIOLENCE,VIOLENCE
A kid in my class threw a bottle at me on the bus. What should I do next?,VIOLENCE,VIOLENCE
A kid in my class threw a bottle at me on the bus. How do I stay safe?,VIOLENCE,VIOLENCE
A kid in my class threw a bottle at me on the bus. Should I tell a teacher right away?,VIOLENCE,VIOLENCE
A kid in my class threw a bottle at me on the bus. How can I keep it from getting worse?,VIOLENCE,VIOLENCE
A kid in my class threw a bottle at me on the bus. What can I say without starting another fight?,VIOLENCE,VIOLENCE
A kid in my class threw a bottle at me during practice. What should I do next?,VIOLENCE,VIOLENCE
A kid in my class threw a bottle at me during practice. How do I stay safe?,VIOLENCE,VIOLENCE
A kid in my class threw a bottle at me during practice. Should I tell a teacher right away?,VIOLENCE,VIOLENCE
A kid in my class threw a bottle at me during practice. How can I keep it from getting worse?,VIOLENCE,VIOLENCE
A kid in my class threw a bottle at me during practice. What can I say without starting another fight?,VIOLENCE,VIOLENCE
A kid in my class threw a bottle at me after class. What should I do next?,VIOLENCE,VIOLENCE
A kid in my class threw a bottle at me after class. How do I stay safe?,VIOLENCE,VIOLENCE
A kid in my class threw a bottle at me after class. Should I tell a teacher right away?,VIOLENCE,VIOLENCE
A kid in my class threw a bottle at me after class. How can I keep it from getting worse?,VIOLENCE,VIOLENCE
A kid in my class threw a bottle at me after class. What can I say without starting another fight?,VIOLENCE,VIOLENCE
A kid in my class threw a bottle at me by the lockers. What should I do next?,VIOLENCE,VIOLENCE
A kid in my class threw a bottle at me by the lockers. How do I stay safe?,VIOLENCE,VIOLENCE
A kid in my class threw a bottle at me by the lockers. Should I tell a teacher right away?,VIOLENCE,VIOLENCE
A kid in my class threw a bottle at me by the lockers. How can I keep it from getting worse?,VIOLENCE,VIOLENCE
A kid in my class threw a bottle at me by the lockers. What can I say without starting another fight?,VIOLENCE,VIOLENCE
A kid in my class threw a bottle at me at the park. What should I do next?,VIOLENCE,VIOLENCE
A kid in my class threw a bottle at me at the park. How do I stay safe?,VIOLENCE,VIOLENCE
A kid in my class threw a bottle at me at the park. Should I tell a teacher right away?,VIOLENCE,VIOLENCE
A kid in my class threw a bottle at me at the park. How can I keep it from getting worse?,VIOLENCE,VIOLENCE
A kid in my class threw a bottle at me at the park. What can I say without starting another fight?,VIOLENCE,VIOLENCE
A kid in my class grabbed my backpack after lunch. What should I do next?,VIOLENCE,VIOLENCE
A kid in my class grabbed my backpack after lunch. How do I stay safe?,VIOLENCE,VIOLENCE
A kid in my class grabbed my backpack after lunch. Should I tell a teacher right away?,VIOLENCE,VIOLENCE
A kid in my class grabbed my backpack after lunch. How can I keep it from getting worse?,VIOLENCE,VIOLENCE
A kid in my class grabbed my backpack after lunch. What can I say without starting another fight?,VIOLENCE,VIOLENCE
A kid in my class grabbed my backpack during recess. What should I do next?,VIOLENCE,VIOLENCE
A kid in my class grabbed my backpack during recess. How do I stay safe?,VIOLENCE,VIOLENCE
A kid in my class grabbed my backpack during recess. Should I tell a teacher right away?,VIOLENCE,VIOLENCE
A kid in my class grabbed my backpack during recess. How can I keep it from getting worse?,VIOLENCE,VIOLENCE
A kid in my class grabbed my backpack during recess. What can I say without starting another fight?,VIOLENCE,VIOLENCE
A kid in my class grabbed my backpack in the corridor. What should I do next?,VIOLENCE,VIOLENCE
A kid in my class grabbed my backpack in the corridor. How do I stay safe?,VIOLENCE,VIOLENCE
A kid in my class grabbed my backpack in the corridor. Should I tell a teacher right away?,VIOLENCE,VIOLENCE
A kid in my class grabbed my backpack in the corridor. How can I keep it from getting worse?,VIOLENCE,VIOLENCE
A kid in my class grabbed my backpack in the corridor. What can I say without starting another fight?,VIOLENCE,VIOLENCE
A kid in my class grabbed my backpack outside the gym. What should I do next?,VIOLENCE,VIOLENCE
A kid in my class grabbed my backpack outside the gym. How do I stay safe?,VIOLENCE,VIOLENCE
A kid in my class grabbed my backpack outside the gym. Should I tell a teacher right away?,VIOLENCE,VIOLENCE
A kid in my class grabbed my backpack outside the gym. How can I keep it from getting worse?,VIOLENCE,VIOLENCE
A kid in my class grabbed my backpack outside the gym. What can I say without starting another fight?,VIOLENCE,VIOLENCE
A kid in my class grabbed my backpack near the school gate. What should I do next?,VIOLENCE,VIOLENCE
A kid in my class grabbed my backpack near the school gate. How do I stay safe?,VIOLENCE,VIOLENCE
A kid in my class grabbed my backpack near the school gate. Should I tell a teacher right away?,VIOLENCE,VIOLENCE
A kid in my class grabbed my backpack near the school gate. How can I keep it from getting worse?,VIOLENCE,VIOLENCE
A kid in my class grabbed my backpack near the school gate. What can I say without starting another fight?,VIOLENCE,VIOLENCE
A kid in my class grabbed my backpack on the bus. What should I do next?,VIOLENCE,VIOLENCE
A kid in my class grabbed my backpack on the bus. How do I stay safe?,VIOLENCE,VIOLENCE
A kid in my class grabbed my backpack on the bus. Should I tell a teacher right away?,VIOLENCE,VIOLENCE
A kid in my class grabbed my backpack on the bus. How can I keep it from getting worse?,VIOLENCE,VIOLENCE
A kid in my class grabbed my backpack on the bus. What can I say without starting another fight?,VIOLENCE,VIOLENCE
A kid in my class grabbed my backpack during practice. What should I do next?,VIOLENCE,VIOLENCE
A kid in my class grabbed my backpack during practice. How do I stay safe?,VIOLENCE,VIOLENCE
A kid in my class grabbed my backpack during practice. Should I tell a teacher right away?,VIOLENCE,VIOLENCE
A kid in my class grabbed my backpack during practice. How can I keep it from getting worse?,VIOLENCE,VIOLENCE
A kid in my class grabbed my backpack during practice. What can I say without starting another fight?,VIOLENCE,VIOLENCE
A kid in my class grabbed my backpack after class. What should I do next?,VIOLENCE,VIOLENCE
A kid in my class grabbed my backpack after class. How do I stay safe?,VIOLENCE,VIOLENCE
A kid in my class grabbed my backpack after class. Should I tell a teacher right away?,VIOLENCE,VIOLENCE
A kid in my class grabbed my backpack after class. How can I keep it from getting worse?,VIOLENCE,VIOLENCE
A kid in my class grabbed my backpack after class. What can I say without starting another fight?,VIOLENCE,VIOLENCE
A kid in my class grabbed my backpack by the lockers. What should I do next?,VIOLENCE,VIOLENCE
A kid in my class grabbed my backpack by the lockers. How do I stay safe?,VIOLENCE,VIOLENCE
A kid in my class grabbed my backpack by the lockers. Should I tell a teacher right away?,VIOLENCE,VIOLENCE
A kid in my class grabbed my backpack by the lockers. How can I keep it from getting worse?,VIOLENCE,VIOLENCE
A kid in my class grabbed my backpack by the lockers. What can I say without starting another fight?,VIOLENCE,VIOLENCE
A kid in my class grabbed my backpack at the park. What should I do next?,VIOLENCE,VIOLENCE
A kid in my class grabbed my backpack at the park. How do I stay safe?,VIOLENCE,VIOLENCE
A kid in my class grabbed my backpack at the park. Should I tell a teacher right away?,VIOLENCE,VIOLENCE
A kid in my class grabbed my backpack at the park. How can I keep it from getting worse?,VIOLENCE,VIOLENCE
A kid in my class grabbed my backpack at the park. What can I say without starting another fight?,VIOLENCE,VIOLENCE
How do I start a conversation with a new group at lunch?,GENERIC,GENERIC_INTENT
What should I say if I want to start a conversation with a new group at lunch?,GENERIC,GENERIC_INTENT
Is there a polite way to start a conversation with a new group at lunch?,GENERIC,GENERIC_INTENT
How can I start a conversation with a new group at lunch without sounding weird?,GENERIC,GENERIC_INTENT
What is a good first step if I want to start a conversation with a new group at lunch?,GENERIC,GENERIC_INTENT
How do I join in with a new group at lunch?,GENERIC,GENERIC_INTENT
What should I say if I want to join in with a new group at lunch?,GENERIC,GENERIC_INTENT
Is there a polite way to join in with a new group at lunch?,GENERIC,GENERIC_INTENT
How can I join in with a new group at lunch without sounding weird?,GENERIC,GENERIC_INTENT
What is a good first step if I want to join in with a new group at lunch?,GENERIC,GENERIC_INTENT
How do I ask to sit with them with a new group at lunch?,GENERIC,GENERIC_INTENT
What should I say if I want to ask to sit with them with a new group at lunch?,GENERIC,GENERIC_INTENT
Is there a polite way to ask to sit with them with a new group at lunch?,GENERIC,GENERIC_INTENT
How can I ask to sit with them with a new group at lunch without sounding weird?,GENERIC,GENERIC_INTENT
What is a good first step if I want to ask to sit with them with a new group at lunch?,GENERIC,GENERIC_INTENT
How do I make things less awkward with a new group at lunch?,GENERIC,GENERIC_INTENT
What should I say if I want to make things less awkward with a new group at lunch?,GENERIC,GENERIC_INTENT
Is there a polite way to make things less awkward with a new group at lunch?,GENERIC,GENERIC_INTENT
How can I make things less awkward with a new group at lunch without sounding weird?,GENERIC,GENERIC_INTENT
What is a good first step if I want to make things less awkward with a new group at lunch?,GENERIC,GENERIC_INTENT
How do I be included next time with a new group at lunch?,GENERIC,GENERIC_INTENT
What should I say if I want to be included next time with a new group at lunch?,GENERIC,GENERIC_INTENT
Is there a polite way to be included next time with a new group at lunch?,GENERIC,GENERIC_INTENT
How can I be included next time with a new group at lunch without sounding weird?,GENERIC,GENERIC_INTENT
What is a good first step if I want to be included next time with a new group at lunch?,GENERIC,GENERIC_INTENT
How do I get to know them better with a new group at lunch?,GENERIC,GENERIC_INTENT
What should I say if I want to get to know them better with a new group at lunch?,GENERIC,GENERIC_INTENT
Is there a polite way to get to know them better with a new group at lunch?,GENERIC,GENERIC_INTENT
How can I get to know them better with a new group at lunch without sounding weird?,GENERIC,GENERIC_INTENT
What is a good first step if I want to get to know them better with a new group at lunch?,GENERIC,GENERIC_INTENT
How do I ask if we are okay with a new group at lunch?,GENERIC,GENERIC_INTENT
What should I say if I want to ask if we are okay with a new group at lunch?,GENERIC,GENERIC_INTENT
Is there a polite way to ask if we are okay with a new group at lunch?,GENERIC,GENERIC_INTENT
How can I ask if we are okay with a new group at lunch without sounding weird?,GENERIC,GENERIC_INTENT
What is a good first step if I want to ask if we are okay with a new group at lunch?,GENERIC,GENERIC_INTENT
How do I reconnect after an awkward moment with a new group at lunch?,GENERIC,GENERIC_INTENT
What should I say if I want to reconnect after an awkward moment with a new group at lunch?,GENERIC,GENERIC_INTENT
Is there a polite way to reconnect after an awkward moment with a new group at lunch?,GENERIC,GENERIC_INTENT
How can I reconnect after an awkward moment with a new group at lunch without sounding weird?,GENERIC,GENERIC_INTENT
What is a good first step if I want to reconnect after an awkward moment with a new group at lunch?,GENERIC,GENERIC_INTENT
How do I make a better first impression with a new group at lunch?,GENERIC,GENERIC_INTENT
What should I say if I want to make a better first impression with a new group at lunch?,GENERIC,GENERIC_INTENT
Is there a polite way to make a better first impression with a new group at lunch?,GENERIC,GENERIC_INTENT
How can I make a better first impression with a new group at lunch without sounding weird?,GENERIC,GENERIC_INTENT
What is a good first step if I want to make a better first impression with a new group at lunch?,GENERIC,GENERIC_INTENT
How do I show that I want to be friends with a new group at lunch?,GENERIC,GENERIC_INTENT
What should I say if I want to show that I want to be friends with a new group at lunch?,GENERIC,GENERIC_INTENT
Is there a polite way to show that I want to be friends with a new group at lunch?,GENERIC,GENERIC_INTENT
How can I show that I want to be friends with a new group at lunch without sounding weird?,GENERIC,GENERIC_INTENT
What is a good first step if I want to show that I want to be friends with a new group at lunch?,GENERIC,GENERIC_INTENT
How do I start a conversation with someone in my class?,GENERIC,GENERIC_INTENT
What should I say if I want to start a conversation with someone in my class?,GENERIC,GENERIC_INTENT
Is there a polite way to start a conversation with someone in my class?,GENERIC,GENERIC_INTENT
How can I start a conversation with someone in my class without sounding weird?,GENERIC,GENERIC_INTENT
What is a good first step if I want to start a conversation with someone in my class?,GENERIC,GENERIC_INTENT
How do I join in with someone in my class?,GENERIC,GENERIC_INTENT
What should I say if I want to join in with someone in my class?,GENERIC,GENERIC_INTENT
Is there a polite way to join in with someone in my class?,GENERIC,GENERIC_INTENT
How can I join in with someone in my class without sounding weird?,GENERIC,GENERIC_INTENT
What is a good first step if I want to join in with someone in my class?,GENERIC,GENERIC_INTENT
How do I ask to sit with them with someone in my class?,GENERIC,GENERIC_INTENT
What should I say if I want to ask to sit with them with someone in my class?,GENERIC,GENERIC_INTENT
Is there a polite way to ask to sit with them with someone in my class?,GENERIC,GENERIC_INTENT
How can I ask to sit with them with someone in my class without sounding weird?,GENERIC,GENERIC_INTENT
What is a good first step if I want to ask to sit with them with someone in my class?,GENERIC,GENERIC_INTENT
How do I make things less awkward with someone in my class?,GENERIC,GENERIC_INTENT
What should I say if I want to make things less awkward with someone in my class?,GENERIC,GENERIC_INTENT
Is there a polite way to make things less awkward with someone in my class?,GENERIC,GENERIC_INTENT
How can I make things less awkward with someone in my class without sounding weird?,GENERIC,GENERIC_INTENT
What is a good first step if I want to make things less awkward with someone in my class?,GENERIC,GENERIC_INTENT
How do I be included next time with someone in my class?,GENERIC,GENERIC_INTENT
What should I say if I want to be included next time with someone in my class?,GENERIC,GENERIC_INTENT
Is there a polite way to be included next time with someone in my class?,GENERIC,GENERIC_INTENT
How can I be included next time with someone in my class without sounding weird?,GENERIC,GENERIC_INTENT
What is a good first step if I want to be included next time with someone in my class?,GENERIC,GENERIC_INTENT
How do I get to know them better with someone in my class?,GENERIC,GENERIC_INTENT
What should I say if I want to get to know them better with someone in my class?,GENERIC,GENERIC_INTENT
Is there a polite way to get to know them better with someone in my class?,GENERIC,GENERIC_INTENT
How can I get to know them better with someone in my class without sounding weird?,GENERIC,GENERIC_INTENT
What is a good first step if I want to get to know them better with someone in my class?,GENERIC,GENERIC_INTENT
How do I ask if we are okay with someone in my class?,GENERIC,GENERIC_INTENT
What should I say if I want to ask if we are okay with someone in my class?,GENERIC,GENERIC_INTENT
Is there a polite way to ask if we are okay with someone in my class?,GENERIC,GENERIC_INTENT
How can I ask if we are okay with someone in my class without sounding weird?,GENERIC,GENERIC_INTENT
What is a good first step if I want to ask if we are okay with someone in my class?,GENERIC,GENERIC_INTENT
How do I reconnect after an awkward moment with someone in my class?,GENERIC,GENERIC_INTENT
What should I say if I want to reconnect after an awkward moment with someone in my class?,GENERIC,GENERIC_INTENT
Is there a polite way to reconnect after an awkward moment with someone in my class?,GENERIC,GENERIC_INTENT
How can I reconnect after an awkward moment with someone in my class without sounding weird?,GENERIC,GENERIC_INTENT
What is a good first step if I want to reconnect after an awkward moment with someone in my class?,GENERIC,GENERIC_INTENT
How do I make a better first impression with someone in my class?,GENERIC,GENERIC_INTENT
What should I say if I want to make a better first impression with someone in my class?,GENERIC,GENERIC_INTENT
Is there a polite way to make a better first impression with someone in my class?,GENERIC,GENERIC_INTENT
How can I make a better first impression with someone in my class without sounding weird?,GENERIC,GENERIC_INTENT
What is a good first step if I want to make a better first impression with someone in my class?,GENERIC,GENERIC_INTENT
How do I show that I want to be friends with someone in my class?,GENERIC,GENERIC_INTENT
What should I say if I want to show that I want to be friends with someone in my class?,GENERIC,GENERIC_INTENT
Is there a polite way to show that I want to be friends with someone in my class?,GENERIC,GENERIC_INTENT
How can I show that I want to be friends with someone in my class without sounding weird?,GENERIC,GENERIC_INTENT
What is a good first step if I want to show that I want to be friends with someone in my class?,GENERIC,GENERIC_INTENT
How do I start a conversation with my table group?,GENERIC,GENERIC_INTENT
What should I say if I want to start a conversation with my table group?,GENERIC,GENERIC_INTENT
Is there a polite way to start a conversation with my table group?,GENERIC,GENERIC_INTENT
How can I start a conversation with my table group without sounding weird?,GENERIC,GENERIC_INTENT
What is a good first step if I want to start a conversation with my table group?,GENERIC,GENERIC_INTENT
How do I join in with my table group?,GENERIC,GENERIC_INTENT
What should I say if I want to join in with my table group?,GENERIC,GENERIC_INTENT
Is there a polite way to join in with my table group?,GENERIC,GENERIC_INTENT
How can I join in with my table group without sounding weird?,GENERIC,GENERIC_INTENT
What is a good first step if I want to join in with my table group?,GENERIC,GENERIC_INTENT
How do I ask to sit with them with my table group?,GENERIC,GENERIC_INTENT
What should I say if I want to ask to sit with them with my table group?,GENERIC,GENERIC_INTENT
Is there a polite way to ask to sit with them with my table group?,GENERIC,GENERIC_INTENT
How can I ask to sit with them with my table group without sounding weird?,GENERIC,GENERIC_INTENT
What is a good first step if I want to ask to sit with them with my table group?,GENERIC,GENERIC_INTENT
How do I make things less awkward with my table group?,GENERIC,GENERIC_INTENT
What should I say if I want to make things less awkward with my table group?,GENERIC,GENERIC_INTENT
Is there a polite way to make things less awkward with my table group?,GENERIC,GENERIC_INTENT
How can I make things less awkward with my table group without sounding weird?,GENERIC,GENERIC_INTENT
What is a good first step if I want to make things less awkward with my table group?,GENERIC,GENERIC_INTENT
How do I be included next time with my table group?,GENERIC,GENERIC_INTENT
What should I say if I want to be included next time with my table group?,GENERIC,GENERIC_INTENT
Is there a polite way to be included next time with my table group?,GENERIC,GENERIC_INTENT
How can I be included next time with my table group without sounding weird?,GENERIC,GENERIC_INTENT
What is a good first step if I want to be included next time with my table group?,GENERIC,GENERIC_INTENT
How do I get to know them better with my table group?,GENERIC,GENERIC_INTENT
What should I say if I want to get to know them better with my table group?,GENERIC,GENERIC_INTENT
Is there a polite way to get to know them better with my table group?,GENERIC,GENERIC_INTENT
How can I get to know them better with my table group without sounding weird?,GENERIC,GENERIC_INTENT
What is a good first step if I want to get to know them better with my table group?,GENERIC,GENERIC_INTENT
How do I ask if we are okay with my table group?,GENERIC,GENERIC_INTENT
What should I say if I want to ask if we are okay with my table group?,GENERIC,GENERIC_INTENT
Is there a polite way to ask if we are okay with my table group?,GENERIC,GENERIC_INTENT
How can I ask if we are okay with my table group without sounding weird?,GENERIC,GENERIC_INTENT
What is a good first step if I want to ask if we are okay with my table group?,GENERIC,GENERIC_INTENT
How do I reconnect after an awkward moment with my table group?,GENERIC,GENERIC_INTENT
What should I say if I want to reconnect after an awkward moment with my table group?,GENERIC,GENERIC_INTENT
Is there a polite way to reconnect after an awkward moment with my table group?,GENERIC,GENERIC_INTENT
How can I reconnect after an awkward moment with my table group without sounding weird?,GENERIC,GENERIC_INTENT
What is a good first step if I want to reconnect after an awkward moment with my table group?,GENERIC,GENERIC_INTENT
How do I make a better first impression with my table group?,GENERIC,GENERIC_INTENT
What should I say if I want to make a better first impression with my table group?,GENERIC,GENERIC_INTENT
Is there a polite way to make a better first impression with my table group?,GENERIC,GENERIC_INTENT
How can I make a better first impression with my table group without sounding weird?,GENERIC,GENERIC_INTENT
What is a good first step if I want to make a better first impression with my table group?,GENERIC,GENERIC_INTENT
How do I show that I want to be friends with my table group?,GENERIC,GENERIC_INTENT
What should I say if I want to show that I want to be friends with my table group?,GENERIC,GENERIC_INTENT
Is there a polite way to show that I want to be friends with my table group?,GENERIC,GENERIC_INTENT
How can I show that I want to be friends with my table group without sounding weird?,GENERIC,GENERIC_INTENT
What is a good first step if I want to show that I want to be friends with my table group?,GENERIC,GENERIC_INTENT
How do I start a conversation with kids in my club?,GENERIC,GENERIC_INTENT
What should I say if I want to start a conversation with kids in my club?,GENERIC,GENERIC_INTENT
Is there a polite way to start a conversation with kids in my club?,GENERIC,GENERIC_INTENT
How can I start a conversation with kids in my club without sounding weird?,GENERIC,GENERIC_INTENT
What is a good first step if I want to start a conversation with kids in my club?,GENERIC,GENERIC_INTENT
How do I join in with kids in my club?,GENERIC,GENERIC_INTENT
What should I say if I want to join in with kids in my club?,GENERIC,GENERIC_INTENT
Is there a polite way to join in with kids in my club?,GENERIC,GENERIC_INTENT
How can I join in with kids in my club without sounding weird?,GENERIC,GENERIC_INTENT
What is a good first step if I want to join in with kids in my club?,GENERIC,GENERIC_INTENT
How do I ask to sit with them with kids in my club?,GENERIC,GENERIC_INTENT
What should I say if I want to ask to sit with them with kids in my club?,GENERIC,GENERIC_INTENT
Is there a polite way to ask to sit with them with kids in my club?,GENERIC,GENERIC_INTENT
How can I ask to sit with them with kids in my club without sounding weird?,GENERIC,GENERIC_INTENT
What is a good first step if I want to ask to sit with them with kids in my club?,GENERIC,GENERIC_INTENT
How do I make things less awkward with kids in my club?,GENERIC,GENERIC_INTENT
What should I say if I want to make things less awkward with kids in my club?,GENERIC,GENERIC_INTENT
Is there a polite way to make things less awkward with kids in my club?,GENERIC,GENERIC_INTENT
How can I make things less awkward with kids in my club without sounding weird?,GENERIC,GENERIC_INTENT
What is a good first step if I want to make things less awkward with kids in my club?,GENERIC,GENERIC_INTENT
How do I be included next time with kids in my club?,GENERIC,GENERIC_INTENT
What should I say if I want to be included next time with kids in my club?,GENERIC,GENERIC_INTENT
Is there a polite way to be included next time with kids in my club?,GENERIC,GENERIC_INTENT
How can I be included next time with kids in my club without sounding weird?,GENERIC,GENERIC_INTENT
What is a good first step if I want to be included next time with kids in my club?,GENERIC,GENERIC_INTENT
How do I get to know them better with kids in my club?,GENERIC,GENERIC_INTENT
What should I say if I want to get to know them better with kids in my club?,GENERIC,GENERIC_INTENT
Is there a polite way to get to know them better with kids in my club?,GENERIC,GENERIC_INTENT
How can I get to know them better with kids in my club without sounding weird?,GENERIC,GENERIC_INTENT
What is a good first step if I want to get to know them better with kids in my club?,GENERIC,GENERIC_INTENT
How do I ask if we are okay with kids in my club?,GENERIC,GENERIC_INTENT
What should I say if I want to ask if we are okay with kids in my club?,GENERIC,GENERIC_INTENT
Is there a polite way to ask if we are okay with kids in my club?,GENERIC,GENERIC_INTENT
How can I ask if we are okay with kids in my club without sounding weird?,GENERIC,GENERIC_INTENT
What is a good first step if I want to ask if we are okay with kids in my club?,GENERIC,GENERIC_INTENT
How do I reconnect after an awkward moment with kids in my club?,GENERIC,GENERIC_INTENT
What should I say if I want to reconnect after an awkward moment with kids in my club?,GENERIC,GENERIC_INTENT
Is there a polite way to reconnect after an awkward moment with kids in my club?,GENERIC,GENERIC_INTENT
How can I reconnect after an awkward moment with kids in my club without sounding weird?,GENERIC,GENERIC_INTENT
What is a good first step if I want to reconnect after an awkward moment with kids in my club?,GENERIC,GENERIC_INTENT
How do I make a better first impression with kids in my club?,GENERIC,GENERIC_INTENT
What should I say if I want to make a better first impression with kids in my club?,GENERIC,GENERIC_INTENT
Is there a polite way to make a better first impression with kids in my club?,GENERIC,GENERIC_INTENT
How can I make a better first impression with kids in my club without sounding weird?,GENERIC,GENERIC_INTENT
What is a good first step if I want to make a better first impression with kids in my club?,GENERIC,GENERIC_INTENT
How do I show that I want to be friends with kids in my club?,GENERIC,GENERIC_INTENT
What should I say if I want to show that I want to be friends with kids in my club?,GENERIC,GENERIC_INTENT
Is there a polite way to show that I want to be friends with kids in my club?,GENERIC,GENERIC_INTENT
How can I show that I want to be friends with kids in my club without sounding weird?,GENERIC,GENERIC_INTENT
What is a good first step if I want to show that I want to be friends with kids in my club?,GENERIC,GENERIC_INTENT
How do I start a conversation with my project partner?,GENERIC,GENERIC_INTENT
What should I say if I want to start a conversation with my project partner?,GENERIC,GENERIC_INTENT
Is there a polite way to start a conversation with my project partner?,GENERIC,GENERIC_INTENT
How can I start a conversation with my project partner without sounding weird?,GENERIC,GENERIC_INTENT
What is a good first step if I want to start a conversation with my project partner?,GENERIC,GENERIC_INTENT
How do I join in with my project partner?,GENERIC,GENERIC_INTENT
What should I say if I want to join in with my project partner?,GENERIC,GENERIC_INTENT
Is there a polite way to join in with my project partner?,GENERIC,GENERIC_INTENT
How can I join in with my project partner without sounding weird?,GENERIC,GENERIC_INTENT
What is a good first step if I want to join in with my project partner?,GENERIC,GENERIC_INTENT
How do I ask to sit with them with my project partner?,GENERIC,GENERIC_INTENT
What should I say if I want to ask to sit with them with my project partner?,GENERIC,GENERIC_INTENT
Is there a polite way to ask to sit with them with my project partner?,GENERIC,GENERIC_INTENT
How can I ask to sit with them with my project partner without sounding weird?,GENERIC,GENERIC_INTENT
What is a good first step if I want to ask to sit with them with my project partner?,GENERIC,GENERIC_INTENT
How do I make things less awkward with my project partner?,GENERIC,GENERIC_INTENT
What should I say if I want to make things less awkward with my project partner?,GENERIC,GENERIC_INTENT
Is there a polite way to make things less awkward with my project partner?,GENERIC,GENERIC_INTENT
How can I make things less awkward with my project partner without sounding weird?,GENERIC,GENERIC_INTENT
What is a good first step if I want to make things less awkward with my project partner?,GENERIC,GENERIC_INTENT
How do I be included next time with my project partner?,GENERIC,GENERIC_INTENT
What should I say if I want to be included next time with my project partner?,GENERIC,GENERIC_INTENT
Is there a polite way to be included next time with my project partner?,GENERIC,GENERIC_INTENT
How can I be included next time with my project partner without sounding weird?,GENERIC,GENERIC_INTENT
What is a good first step if I want to be included next time with my project partner?,GENERIC,GENERIC_INTENT
How do I get to know them better with my project partner?,GENERIC,GENERIC_INTENT
What should I say if I want to get to know them better with my project partner?,GENERIC,GENERIC_INTENT
Is there a polite way to get to know them better with my project partner?,GENERIC,GENERIC_INTENT
How can I get to know them better with my project partner without sounding weird?,GENERIC,GENERIC_INTENT
What is a good first step if I want to get to know them better with my project partner?,GENERIC,GENERIC_INTENT
How do I ask if we are okay with my project partner?,GENERIC,GENERIC_INTENT
What should I say if I want to ask if we are okay with my project partner?,GENERIC,GENERIC_INTENT
Is there a polite way to ask if we are okay with my project partner?,GENERIC,GENERIC_INTENT
How can I ask if we are okay with my project partner without sounding weird?,GENERIC,GENERIC_INTENT
What is a good first step if I want to ask if we are okay with my project partner?,GENERIC,GENERIC_INTENT
How do I reconnect after an awkward moment with my project partner?,GENERIC,GENERIC_INTENT
What should I say if I want to reconnect after an awkward moment with my project partner?,GENERIC,GENERIC_INTENT
Is there a polite way to reconnect after an awkward moment with my project partner?,GENERIC,GENERIC_INTENT
How can I reconnect after an awkward moment with my project partner without sounding weird?,GENERIC,GENERIC_INTENT
What is a good first step if I want to reconnect after an awkward moment with my project partner?,GENERIC,GENERIC_INTENT
How do I make a better first impression with my project partner?,GENERIC,GENERIC_INTENT
What should I say if I want to make a better first impression with my project partner?,GENERIC,GENERIC_INTENT
Is there a polite way to make a better first impression with my project partner?,GENERIC,GENERIC_INTENT
How can I make a better first impression with my project partner without sounding weird?,GENERIC,GENERIC_INTENT
What is a good first step if I want to make a better first impression with my project partner?,GENERIC,GENERIC_INTENT
How do I show that I want to be friends with my project partner?,GENERIC,GENERIC_INTENT
What should I say if I want to show that I want to be friends with my project partner?,GENERIC,GENERIC_INTENT
Is there a polite way to show that I want to be friends with my project partner?,GENERIC,GENERIC_INTENT
How can I show that I want to be friends with my project partner without sounding weird?,GENERIC,GENERIC_INTENT
What is a good first step if I want to show that I want to be friends with my project partner?,GENERIC,GENERIC_INTENT
