row_id,input_text,original_G1_LOV_ID,original_G2_LOV_ID,original_FLAGS,corrected_G1_LOV_ID,corrected_G2_LOV_ID,corrected_FLAGS,status,reason
840,"I have a child with my baby mother. She works I take care of our young son. She says she is not cheating I have not found anything but she always putting me down, telling me to get out and telling me she doesn't love me, but then the next day after our fight she says she does. I'm having a hard time because before our child she said she was raped by a family member but she never went to the hospital or the cops. Now me and my family don't talk. She's always telling me I'm annoying and just belittles me. Nothing I do is right.
 
 She says I work you watch the baby. On her days off she never cooks or cleans. I have no friends or family and a couple months ago she was confiding to some guy, but says he's not any thing to her. What do I do? I don't want to leave.",CIVIC_LAW,VIOLENCE,has_personal_direction=true;has_violence_possibility=true,CIVIC_LAW,PERSONAL_DIRECTION,,CHANGED,"child asks what they should do, say, choose, or asks for personal/social validation"
841,"I don't know what's wrong with me. At times I can be really happy, excited, I'll talk fast, and I want to do things. But lately I've been staying up way later and sleeping too much. I don't hang out with friends, I don't really have them. I feel nothing, worthless. I want to do nothing, I have no interest in anything. 
 
 
 
 All I usually do is stay in my room. I want to be happy, I want to be nice. What's wrong with me?",GENERIC,GENERIC_INTENT,,GENERIC,GENERIC_INTENT,,CORRECT,"open-ended, creative, or miscellaneous intent without a stronger G2 risk or factual pattern"
842,"My last relationships have ended horribly. They just up and abandoned me. One of them I have never gotten closure with over it, leaving me emotionally wrecked. I know something's wrong with me but I don't know how to even start trying to better myself.
 
 I get into these depressed like states whenever anyone I care about is too busy to be with me. I know that I shouldn't act like that because people are genuinely busy, but I feel like they're doing it just because they don't want to be around me.",GENERIC,GENERIC_INTENT,,SCIENCE,DANGEROUS,has_dangerous_context=true;has_safety_hazard=true,CHANGED,"clear illicit, harmful, hacking, drug-misuse, poison, explosive, or operational danger intent"
843,"I've been with my boyfriend over 3 years. He cheated on me and the woman is now pregnant. He is physically and mentally abusive towards me. I have attempted to talk with him in order to resolve our issues; however, he never wants to talk and often blames me for everything.
 I‚Äôm always there when he needs my help. He tells me although I help him doesn‚Äôt mean that I am a good person. He always discredits me as a woman and it‚Äôs hurtful. I spend most day crying and feeling lonely. I am unhappy and unsure of what I need to do.",GENERIC,GENERIC_INTENT,,CIVIC_LAW,GENERIC_INTENT,,CHANGED,"open-ended, creative, or miscellaneous intent without a stronger G2 risk or factual pattern"
844,"I started dating a guy I met online. He told me that he registered sex offender but he didn't do anything. He took a plea to always register as sex offender and he did two years. That was more than two decades ago. Nothing on his record since.
 I always believe the past should be left in past. But my roommates, their family and my son are unforgiving. Should I forgive this man that I'm falling in love with or should I dump him? If I stay with him I will never see my family and granddaughter again.",TECHNOLOGY,UNSAFE_SEXUAL_CONTENT,has_personal_direction=true;has_unsafe_sexual_content=true,BELIEF,PERSONAL_DIRECTION,,CHANGED,"child asks what they should do, say, choose, or asks for personal/social validation"
845,"About 3 years ago or so I was skinny, but I was still ugly. I really do want to change that but I've tried 3 times. Now can I try but don't stop. At school I get bullied about my weight and my ugliness and I have been bullied my whole life that I believe them.
 How can I stop thinking about them and don't let it get in my head? My parents said I don't weight that much but, they do think I am fat but, they tell me I am not. I told my parents that I need to go to a therapist, but they think I am fine and I think they don't want to deal with it.",GENERIC,BULLYING,has_personal_direction=true;has_bullying_involved=true,GENERIC,PERSONAL_DIRECTION,,CHANGED,"child asks what they should do, say, choose, or asks for personal/social validation"
846,"A few nights ago I talked to this girl I know about my self esteem issues for the first time. We talked for hours and she told me time and again that I was a great guy. She told me I was attractive, and have a great personality, etc. I really started to feel better about myself by the time I woke up the next morning.
 Now, though, I can't stop thinking about her, but I leave to go back to college in a few days and I go to school 4 hours away from her. So now I feel constantly depressed because even if I told her how I felt it wouldn't matter. I feel helpless and I don't know what to do.",SCIENCE,EMOTIONAL,has_emotional_distress=true,SCIENCE,EMOTIONAL,has_emotional_distress=true,CORRECT,"sadness, fear, anxiety, shame, loneliness, rejection, or emotional pain is expressed"
847,"I am married to a beautiful lady. I love my wife with all my heart. We have 3 boys and I have a daughter from a previous marriage. We also have 3 grandchildren.
 Now this event is tearing us apart. I want our family to be together and happy. It was a mistake from so long ago. My wife wants to leave and I don't want that to happen I love her so much. Please help me save my marriage. Even my 3 boys want us to work it out. They love us both and want our family together. Please give me some advice or hope. Sincerely heart broken.",SCIENCE,GENERIC_INTENT,,BELIEF,GENERIC_INTENT,,CHANGED,"open-ended, creative, or miscellaneous intent without a stronger G2 risk or factual pattern"
848,"My wife and I are newly married, about 2 months. We've had some issues surrounding sex, particularly her lack of libido. She's on an anxiety medication, of which diminished libido is a side effect, but I think our issue is also partly one of a lack of intimacy/romance centered around my hectic schedule. Our sex life has suffered as a result.
 Tonight she made a genuine effort to let me know she wanted sex, which is a big deal. Once things started, she had the most obviously fake orgasm I've ever encountered. I was honest with her about why, and told her that the most important thing to me in sex was knowing that she was legitimately enjoying it. She responded angrily with a complete denial of the faking. I don't know how to broach this subject and have an honest conversation. I think she will continue to lie to me about faking it which will cause our sex life to spiral further. Please help.",GENERIC,UNSAFE_SEXUAL_CONTENT,has_emotional_distress=true;has_unsafe_sexual_content=true,SCIENCE,UNSAFE_SEXUAL_CONTENT,has_unsafe_sexual_content=true,CHANGED,"explicit sexual content, sexualized body part, sexting, porn, or sexual-image pressure is present"
849,"I'm always told I'm not good enough or trying hard enough. I put 100% in to every thing. I'm worn out, I've worked on all of my family relationships, I'm doing great in school, I'm kind to those in need and otherwise. I stick to my religious beliefs and leave room for mistakes and learn from others so I don't have to make as many and the ones I do I learn from. 
 
 Somehow it's still not good enough and nothing I do works. Nothing has changed, and I feel hopeless. Any suggestions or ideas?",BELIEF,VIOLENCE,has_emotional_distress=true;has_violence_possibility=true,BELIEF,EMOTIONAL,has_emotional_distress=true,CHANGED,"sadness, fear, anxiety, shame, loneliness, rejection, or emotional pain is expressed"
850,"He's been losing feelings and he doesn't know why. I love him very very much. He sometimes thinks I'm obsessed when I'm not at all. I give him his space and I make sure he's okay but sometimes I think if me and him saw each other more it would be better?
 I truly want me and him to get better, it's kind of hard not to stress about it, because the love of my life is losing feelings which is a sad feeling. He's a great guy! I just don't know why he's been losing feelings towards me. He's starting to put less effort in talking to me.
 At this point I'll do anything to just make us better as a couple. I tried talking to him but he doesn't like talking about it much. Advice on what to do?",GENERIC,GENERIC_INTENT,,BELIEF,GENERIC_INTENT,,CHANGED,"open-ended, creative, or miscellaneous intent without a stronger G2 risk or factual pattern"
851,"I regret ever hurting her and they mean the world to me. But it feels like nothing I do seem to work.
 I'll always love them no matter what and when I'm with them nothing else matters. I love them more then anything. I don't want another guy raising my kids.",SCIENCE,GENERIC_INTENT,,BELIEF,GENERIC_INTENT,,CHANGED,"open-ended, creative, or miscellaneous intent without a stronger G2 risk or factual pattern"
852,"We kissed and he grabbed my boobs and we exchanged some texts and a few calls. It went on for about 8 months. Just when we were all together and our spouses were out of the room. Once I met him for lunch to tell him that we needed to stop. We ended up kissing after lunch and then I sent him a few more texts that day telling him I was serious and that was the end of it. His wife (my good friend) saw us kiss once and told my husband. I told him a couple of things then and we got over it.
 A year later she told him a couple of other things. Same story. It's been about 3 years since. They are now divorced and my husband and I have been happy. A few weeks ago the wife called me and said that her now ex told her more stuff we did. I decided to just tell my husband everything. We are trying to work things out. But he is having a really hard time believing that he knows all of it. How can I help him believe me?",GENERIC,PERSONAL_DIRECTION,has_personal_direction=true,BELIEF,PERSONAL_DIRECTION,,CHANGED,"child asks what they should do, say, choose, or asks for personal/social validation"
853,"I feel that I need to end my present relationship. He lives three hours away and likes the reassurance of having someone to talk to multiple times per day and seeing me once or twice a month. I want someone who is more present and more of a life companion.
 Lately, he has had a very busy work schedule and I have only seen him a few times in the last 6 weeks. I told him that I can't continue in this way because I constantly feel frustrated and angry and that he is not making the relationship enough of a priority. I also feel it is keeping me from possibly finding the relationship I want.
 We have been together 7 years. The problem is that I panic and experience anxiety and depression thinking of him with someone else and then thinking I will never meet someone I like. We have gone through this cycle already 4-5 times and I feel it is unhealthy to stay in it, but my aversion to the anxiety and depression I experience upon separation always leads me to reconcile.",GENERIC,EMOTIONAL,has_emotional_distress=true,GENERIC,EMOTIONAL,has_emotional_distress=true,CORRECT,"sadness, fear, anxiety, shame, loneliness, rejection, or emotional pain is expressed"
854,"I know someone who is extremely sensitive to stress and very sensitive to a negative tone of voice. Sometimes during a disagreement he tells me that my communication is having a harmful impact on him. Once he believes I am being negative I can't seem to find a better way of communicating. In fact, it is often a self fulling prophesy because his accusatory manner becomes unbearably frustrating. 
 
 
 
 What advice might you offer?",GENERIC,GENERIC_INTENT,,TECHNOLOGY,GENERIC_INTENT,,CHANGED,"open-ended, creative, or miscellaneous intent without a stronger G2 risk or factual pattern"
855,"I have recently separated from my husband whom I have been with for 5 years. Throughout our 5 years together, I have stood by him through 2 affairs, him talking to other women while I was pregnant, his drug abuse and thru verbal and physical abuse.",GENERIC,GENERIC_INTENT,,SCIENCE,GENERIC_INTENT,,CHANGED,"open-ended, creative, or miscellaneous intent without a stronger G2 risk or factual pattern"
856,"Sometimes I can't stop thinking about life after death. I was raised in a religion that teaches that we will live on forever either in hell or in heaven. 
 
 When I think of living forever (even if it is in heaven which should be good), I feel overwhelmed. I don't like the thought of living forever and ever and ever. Sometimes I just can't get the thought out of my mind and the thoughts lead to panic and anxiety. 
 
 Am I crazy? I don't think these thoughts are normal.",BELIEF,EMOTIONAL,has_emotional_distress=true,BELIEF,EMOTIONAL,has_emotional_distress=true,CORRECT,"sadness, fear, anxiety, shame, loneliness, rejection, or emotional pain is expressed"
857,"She was raised by her abusive father and his wife. 30 years ago I shot and killed my rapist and was convicted in Louisiana. I lost custody of my daughter and served 5 years. When I was released, she was 5 and didn't remember me. Many many sad memories came from my having to leave her visit after visit, having to leave her in Texas to travel back to Louisiana. She doesn't remember that. I do.
 Over the years, I thought we had developed a close mother daughter relationship. She gave me good reason to doubt that on several occasions but especially last year. I have been cruel to her verbally and to my son who I met years after giving him up for adoption. Last night, I was angry at the world and afraid of God. I drank and cussed out a maintenance worker for not doing his job 4 months running. Now I'm not only feeling guilty for that but afraid of being evicted now. Help.",BELIEF,GENERIC_INTENT,,BELIEF,GENERIC_INTENT,,CORRECT,"open-ended, creative, or miscellaneous intent without a stronger G2 risk or factual pattern"
858,"My therapist is gay so there are no sexual issues here. However, my therapist for six years has made me believe that he cares about me and that we are friends. I have loaned money to him many times, and he always paid me back.
 
 
 
 I had a medical emergency last weekend and I was heavily medicated. I knew that this therapist came into my home and wrote down my credit card information so he could pay back what he owed me, but this therapist dropped me off and never came again. I don't know what to do.",GENERIC,UNSAFE_SEXUAL_CONTENT,has_unsafe_sexual_content=true,SCIENCE,UNSAFE_SEXUAL_CONTENT,has_unsafe_sexual_content=true,CHANGED,"explicit sexual content, sexualized body part, sexting, porn, or sexual-image pressure is present"
859,"My boyfriend says I'm nuts. I need to get help because I get an overwhelming feeling that he is cheating on me. Whenever I try to talk with him about it, he always turns it around on me by telling me what I'm doing wrong. I know that accusing him does not help. When his whole demeanor shifts towards me, I can't help but think that something is wrong. Am I wrong for feeling this way? I try to talk with him to make it better. I let him know when I am feeling down. But I am not confident in these things. 
 
 Two weeks ago a girl texted his phone 3 times trying to hook up with him. He texted her back with ""Sorry, I've been working. I just read your message."" The girl was trying to get him to call her at a time when he was at home with me. He texted her back with ""Don't text me anymore."" I don't feel like I am way out of the line. But I can't talk with him if all that he will say is that I'm crazy and I need help. What should I do? How will I go about checking if there really is something wrong with me?",TECHNOLOGY,PERSONAL_DIRECTION,has_personal_direction=true,BELIEF,DANGEROUS,has_dangerous_context=true;has_safety_hazard=true,CHANGED,"clear illicit, harmful, hacking, drug-misuse, poison, explosive, or operational danger intent"
860,"I am having a problem with extended family members who are inappropriately urinating in my home. They are peeing in cat litter boxes, bottles, and directly on floors and in corners of my house.
 
 Is there any literature that supports why such adults would behave this way? This is not a joke. I am trying to understand.",GENERIC,GENERIC_INTENT,,SCIENCE,GENERIC_INTENT,,CHANGED,"open-ended, creative, or miscellaneous intent without a stronger G2 risk or factual pattern"
861,"Tonight, my husband seemed to put our son down through an incorrect approach. His approach was perfectly wrong. I found myself defending my son. I told him that what he did was not the way to encourage our son.
 
 Instead of watching my husband‚Äôs harsh behavior I decided to sit beside my son and, together, we worked on his science assignment in order to encourage him to study. My husband got upset and he was swearing at me. He threatened me. I knew that he was not joking. His words scared me a lot!",GENERIC,GENERIC_INTENT,,GENERIC,GENERIC_INTENT,,CORRECT,"open-ended, creative, or miscellaneous intent without a stronger G2 risk or factual pattern"
862,"How do I ever trust another woman? I have found myself constantly reading between the lines with every other woman that I meet. I am having a difficult time making any sort of connection to anyone because of her deception and willingness to say and do literally anything in order to control my emotions.
 
 Once the ""relationship"" was over, she became extremely abusive and has attempted to intimidate me into silence regarding the many false claims made on her immigration application.",FACT,PERSONAL_DIRECTION,has_personal_direction=true,SCIENCE,PERSONAL_DIRECTION,,CHANGED,"child asks what they should do, say, choose, or asks for personal/social validation"
863,"I‚Äôm a senior high school student. I‚Äôm also five months pregnant. I got pregnant by my boyfriend of three years. My parents don‚Äôt want us to communicate with each other. He can‚Äôt even come to visit my gynecologist. My mom goes to attend all of my doctor‚Äôs appointments. She‚Äôs supportive of me. I wish, though, that my boyfriend was next to me and be able to see his daughter on a sonogram, at the very least. My family does not understand that he deserves that much. I cry all the time because I feel lost and hopeless.
 
 I need guidance and I believe that you can give it to me. Am I wrong for wanting him around? Are they right for keeping him away from the appointments and not letting us communicate with each other even though we are the parents? I do everything that they ask of me. I just want him to be around. When I ask my parents to let him be here, they call me a selfish person. Please help me.",GENERIC,EMOTIONAL,has_emotional_distress=true,TECHNOLOGY,EMOTIONAL,has_emotional_distress=true,CHANGED,"sadness, fear, anxiety, shame, loneliness, rejection, or emotional pain is expressed"
864,"I have been with my boyfriend for more than a year. He recently got a new job and travels a lot. I‚Äôm not used to him being gone all the time. I feel as though he has forgotten about me because he does not talk with me as much and doesn‚Äôt keep me up to date on everything that he does throughout the day, which he used to.
 
 I feel lost, sad and unwanted. This is really a tough new challenge. I just want to break up with him, but I love him so much. I don‚Äôt know why he is acting this way lately. I believe I have separation anxiety. Is there anything that I can do to help me cope with this while he is out of town?",GENERIC,EMOTIONAL,has_emotional_distress=true,GENERIC,EMOTIONAL,has_emotional_distress=true,CORRECT,"sadness, fear, anxiety, shame, loneliness, rejection, or emotional pain is expressed"
865,"Current medications are: topamax, ativan, brintellix, lamictal, restoril, abilify, tx: long term dbt, cbt",GENERIC,GENERIC_INTENT,,TECHNOLOGY,GENERIC_INTENT,,CHANGED,"open-ended, creative, or miscellaneous intent without a stronger G2 risk or factual pattern"
866,"My husband and I would've been married for five years come June 2016. Our infant daughter just had her birthday. Shortly before, he told me he wanted a divorce. He has four other children, three of which are from his first wife. He decided to end that marriage when his youngest was an infant. The children do not have a good relationship with him now. He has another child from a woman he was dating. He decided he didn't want to be with her anymore when the child was an infant. 
 
 
 
 It seems to me that there is a pattern. He easily detaches from relationships at the same time in the child's life but wants a relationship with them when they are older. I've tried to research online, but I'm not getting any answers. He also has an unhealthy dependency on alcohol and does not believe in mental health disorders such as depression and bi-polar disorder. He also does not believe in therapy or seeking help from professionals. Is there a detachment disorder or some form of mental block he could have? Where do you recommend researching this?",TECHNOLOGY,EMOTIONAL,has_emotional_distress=true,TECHNOLOGY,EMOTIONAL,has_emotional_distress=true,CORRECT,"sadness, fear, anxiety, shame, loneliness, rejection, or emotional pain is expressed"
867,"I am constantly having problems with the same two people who will always be in my life. I had a daughter with my ex-boyfriend. I am now married, and my husband‚Äôs ex-girlfriend is involved with my ex-boyfriend. They also have a daughter together. My issue is that there is always drama. I am pregnant, and I told my ex-boyfriend that I don't want any drama or arguments. I want to get along as much as possible, and he agreed. However, we just had an incident where my ex-boyfriend started discussing drop-off details about my stepdaughter. I told him that he needed to ask my husband because I can't make decisions about my stepdaughter regarding the matter. That led to an argument. I told him all my concern is when I pick up my daughter. My stepdaughter‚Äôs pick-up details are between my husband and his ex-girlfriend. I especially told him I didn't want to be involved. Somehow, he turned it around and then wanted to change the schedule we agreed on. He threatened me and got ugly because I wouldn‚Äôt discuss my stepdaughter‚Äôs matters with him.
 
 
 
 The point is there is so much drama. I try my best to get along with everyone. I don't understand where I went wrong (besides replying back to his question). I feel like I'm going crazy because this is a constant battle where everyone‚Äôs frustrations are taken out on each other, and it's the children that are hurting. I had a party planned for my daughter‚Äôs birthday, and my ex-boyfriend told me to cancel those plans because he wouldn‚Äôt let me have her. In my eyes, it‚Äôs the child that is hurting. I was throwing a party for her birthday, and because of the problem with stupid pick-up details about my stepdaughter, which I have no control over, he took it out on our daughter.",SCIENCE,GENERIC_INTENT,,BELIEF,GENERIC_INTENT,,CHANGED,"open-ended, creative, or miscellaneous intent without a stronger G2 risk or factual pattern"
868,"Every once and a while, I think about my ex-boyfriend from four years ago, and my current friend. It‚Äôs like I can't get past it, and I need some kind of closure. I keep thinking about how we had something, but it got cut off due to parental intervention. Nothing was ever wrong with it. Now we've become friends, but there's this huge sexual tension between us, or at least I feel it when we're physically in the same place.
 
 
 
 Two summers ago, we saw each other casually for a while, but we never had sex then or while we were dating, which was only for two months three years ago. I'm now in my 20s, and my current boyfriend is amazing and in his 30s. Despite the age difference, I know we're a really good match. We've never really fought and are able to make compromises and talk everything out. I tell him everything. Also, my ex-boyfriend has a girlfriend now as well. He‚Äôs been seeing her on and off for the past two and a half years, besides when they broke up and we had our casual thing. That summer, I told him I didn't want anything serious and broke it off. Only a week later, he had gotten back together with his girlfriend. His girlfriend is kind of mean spirited. I'm sure she may be different around him, but I worry about him committing to her in the long run. They're supposed to move in together soon. But still, I feel this connection with my ex-boyfriend, and I feel like he does too. 
 
 
 
 I don't know what to do. I need some closure or I'm not going to be able to move on from this. I don't know what it is, but it's driving me crazy. I‚Äôm so happy with my current boyfriend, and I know he will do everything in his power to make my life beautiful and fulfilling. He‚Äôs such a good person. I also know my ex-boyfriend smokes marijuana and does other things, but I can't get it out of my head. I'm trying to take a nap right now between classes, but I can't sleep because my mind is racing. I've never been so hung up on something for this long ever.
 
 
 
 I want to just talk it out with my ex-boyfriend, but I don't know if that's a good idea because of the possibility that it could blow up in my face. If he told his girlfriend, everything could go wrong because she hates me. If my current boyfriend knew, he would be crushed. On one hand, I want my ex-boyfriend to say no to having feelings for me, but I would be terrified of what to do if he said he has feelings too. Where would I go from there? On the other hand, I feel like I can't move forward in my relationship with my current boyfriend without closure from this. Sometimes I wish I could just cut off everything that had to do with my ex, but I don't want to.
 
 
 
 Please help me, because I really have no idea what to do.",GENERIC,UNSAFE_SEXUAL_CONTENT,has_emotional_distress=true;has_unsafe_sexual_content=true,BELIEF,DANGEROUS,has_dangerous_context=true;has_safety_hazard=true,CHANGED,"clear illicit, harmful, hacking, drug-misuse, poison, explosive, or operational danger intent"
869,"I find myself crying over every little thing, like dropping a glass of water. Today, I got out of the shower and noticed that I had forgotten a shirt. I instantly started to cry. When I made it to my room, I began to shake a little, cry more, and I begged for it to stop.",SCIENCE,GENERIC_INTENT,,SCIENCE,GENERIC_INTENT,,CORRECT,"open-ended, creative, or miscellaneous intent without a stronger G2 risk or factual pattern"
870,"I've worked with this guy for about three years now, and I knew the first time I saw him that I was attracted. Over time, he became a very dear friend, and we talked about our relationship problems, family, dreams, and so on. There was always flirtation with us, and one day pretty recently, it progressed to making out. We agreed to keep it quiet, and we did, but in the back of my mind, I hoped it would become something more. It didn't, and three months later, I'm still not over it.
 
 
 
 I'm trying so hard to maintain the friendship because that's what he wants. We're no longer in the same office, which I thought would help me get over these feelings, but we still talk about work, and he's constantly touching me, so I'm still very drawn to him. He's a hugger and such a sweet guy, so I find myself fantasizing all the time about what could have been and what could still be, but he's clearly not interested. He's younger than me and prefers model types, but I see him checking me out a lot, which gives me hope. How do I get him out of my system and still maintain the friendship?",GENERIC,PERSONAL_DIRECTION,has_personal_direction=true,SCIENCE,DANGEROUS,has_dangerous_context=true;has_safety_hazard=true,CHANGED,"clear illicit, harmful, hacking, drug-misuse, poison, explosive, or operational danger intent"
871,"I am in high school and have been facing anxiety issues lately. Whenever I get close to being in a relationship, some kind of anxiety takes over and keeps me from the relationship. This anxiety causes me depression at times and even makes me want to vomit. While a semi-relationship should be joyous, for me, it‚Äôs an emotional nightmare I can‚Äôt get to the bottom of. I‚Äôve had this before and had to leave the semi-relationship to avoid throwing up every time I made contact with my crush. What could be the reason behind this? Is it massive nerve problems? Is it a fear of a bad relationship?
 
 
 
 While I‚Äôm not quite ready to be in one anyway, I want to get to the bottom of this for a brighter future in which I can be in one. I don‚Äôt take medications and have no desire to, I have read forums, and I‚Äôve talked about the issue with my sister who has faced similar problems.",GENERIC,EMOTIONAL,has_emotional_distress=true,SCIENCE,EMOTIONAL,has_emotional_distress=true,CHANGED,"sadness, fear, anxiety, shame, loneliness, rejection, or emotional pain is expressed"
872,"It has been going on more often lately, but not all the time. It has been starting to affect my driving, among other things.",GENERIC,GENERIC_INTENT,,GENERIC,GENERIC_INTENT,,CORRECT,"open-ended, creative, or miscellaneous intent without a stronger G2 risk or factual pattern"
873,"My fianc√©e suffers from severe anxiety and depression. She has had it most of her life. Her anxiety in public places is the worst. It gets to points where she can't breathe or move. Sometimes, she won't even go to the restroom, so she will hold in her pee until her stomach hurts or she pees herself. She curls up in corners at the mall and has panic attacks. She won't eat or drink in public. If she isn't having a panic attack or crying, she's clinging to me and avoiding everything and everyone. Her depression flares up out of nowhere and causes her to become very suicidal and self-harming. She get really sick from anxiety and scared to the point that I can't even get her to eat, drink, leave the bed, or go outside. She always tells me how she grew up around so much fighting and fear that it makes her scared of loud sounds, yelling, conflict, and even talking to strangers in public. She will refuse to go to a store unless I am with her to talk to the cashier for her. She is so scared that I can't even get her to drive. She doesn't want to get her license because she's scared of trying to drive.
 
 
 
 Some people have recommended medication, but I believe it's just going to cover up her illness and not solve it. I don't want my fianc√©e pumped with drugs. I believe a psychiatric service dog would be the best bet for her. When we first met my poodle, it would calm her down a lot. She took the dog out every time we went out, and she seemed much calmer and happier. She slowly would eat, and the dog seemed to make her feel a lot better. I am worried and want to help her without medication.",GENERIC,SELF_HARM,has_emotional_distress=true;has_self_harm=true;has_violence_possibility=true,CIVIC_LAW,SELF_HARM,has_emotional_distress=true;has_self_harm=true;has_violence_possibility=true,CHANGED,"self-harm, suicidal, disappear, or own-body harm language is the strongest signal"
874,"I have lately been having lots of anxiety and self-loathing about the fact that I am a young adult virgin girl who has never had a boyfriend before. It seems like everyone my age has already had boyfriends by now or are not virgins anymore, and I just had my first kiss five months ago. I‚Äôm worried that, at this rate, I won‚Äôt have a boyfriend for a very long time. The problem is that I want to lose my virginity to my first boyfriend who cares about me, but at the same time, I don't want to be waiting forever in order to experience sex. I have already given in to bad temptations by hooking up with random strangers on social media sites and having oral sex with them. Luckily, they were nice guys, but none of them wanted a relationship with me. I feel dirty by doing this, but I feel pressured to do this things in order to seem normal.
 
 
 
 Most people are surprised when they find out that I am a virgin or never had a boyfriend because people think I am really good looking. I am tall, I play lots of sports, and I get excellent grades in school. I am in my first year of university right now, and no guys have approached me to go out on a date or showed any interest. It bothers me. Most of the people in my family have been in relationships at my age already. I feel like I will be single forever sometimes.",TECHNOLOGY,UNSAFE_SEXUAL_CONTENT,has_emotional_distress=true;has_unsafe_sexual_content=true,BELIEF,UNSAFE_SEXUAL_CONTENT,has_unsafe_sexual_content=true,CHANGED,"explicit sexual content, sexualized body part, sexting, porn, or sexual-image pressure is present"
875,"I have an ex-boyfriend who just lies about everything. He is super lazy. He lies to everyone that he has a good job, builds trust, and then start borrowing money‚Äîand large amounts too. It has come to the point where he has gone through several group of friends. He is leaving a trail behind full of friends in debt because he would put on a sob story, borrow money, then disappear. He refuses to work, so he sits at home playing games all day and either lies to his mom for money or lies to his friends. I used to think his lying was due to his drug habit, but now I'm hearing from other ex-friends of his that this started even before the drugs got into his life. He would borrow anywhere from $5,000 to $50,000 from everyone and it would all disappear. He's in debt with bills. He doesn't gamble, but he spends his money on random stuff.
 
 
 
 Although he has this habit of lying compulsively and spending money, he seems to be a good person. He'll always give a homeless person all his change no matter what. My brother has epilepsy and is really antisocial‚Äîmy ex-boyfriend makes an actual effort to socialize with my brother. He takes him out to the movies and plays video games with him. He drives me to school and work every day and picks me up‚Äîjust basically the small things that add up to the fact that he's not totally a horrible human being. Is he just simple a pathological liar or is there something that could possibly be deep down in there?",TECHNOLOGY,GENERIC_INTENT,,TECHNOLOGY,DANGEROUS,has_dangerous_context=true;has_safety_hazard=true,CHANGED,"clear illicit, harmful, hacking, drug-misuse, poison, explosive, or operational danger intent"
876,"About two and a half months ago, I met a woman on a dating site. We went out on two dates, and then despite her original plans on how to pace and conduct the relationship, I ended up at her house on a the Friday night one week after our first date. We respectfully tried not to have sex, but after hours of trying to resist each other, we gave in and we had sex. After that, I slept at her house every night for almost two weeks. Then one day, she went to her family‚Äôs house on Thanksgiving and everything changed. Within the short time we were together, we got so close and serious really fast. We had finally found each other. We told each other that we loved each other all the time, even while we were making love. A few days after Thanksgiving, she told me that we would have to go back to her original plans of seeing each other much less frequently. I was very hurt and didn‚Äôt understand. Then another week later, she told me she couldn‚Äôt do it at all anymore. I was crushed!
 
 
 
 A few days later, she tells me how much she‚Äôs missing me and ‚Äúlet‚Äôs get together for lunch‚Äù or something like that. Then about two weeks later, we finally get together one night and we were so hot for each other (in love, not just sex), but she confessed that the reason for the sudden distance was that the father of her very young child told her he wants to get back together and this totally messed with her. So for her child‚Äôs sake, she is now considering the possibility of allowing that to happen. She had told me all about him previously, and it is definite that she has little to no attraction to him, but she would do this putting herself in misery again for her child. Our love for each other is fully established and acknowledged, but she is torn and confused. She doesn‚Äôt even think it would work between them as she had to kick him out before for not fulfilling his role properly. I know she needs time, and all I can do is take care of myself. We have agreed to remain friends, and if this doesn‚Äôt work out for her, we will try again. I‚Äôm completely in love with her, and I‚Äôm in extreme pain.",GENERIC,UNSAFE_SEXUAL_CONTENT,has_unsafe_sexual_content=true;has_violence_possibility=true,BELIEF,DANGEROUS,has_dangerous_context=true;has_safety_hazard=true;has_violence_possibility=true,CHANGED,"clear illicit, harmful, hacking, drug-misuse, poison, explosive, or operational danger intent"
877,"I'm an early 20 something year-old virgin, and my boyfriend is in his early 20s with kids. He's cheated on me twice: once in the beginning and then four months ago. He wasn't use to dating a virgin and broke up with me three times because he wasn't sure. We both work at the same job (where we met) and it‚Äôs with the girl that works with us. I've been trying to get over it, but now my confidence and self-esteem are low, and sometimes I feel like he‚Äôll do it again or that he's not ready to be with me. I think about it all over again when I see her. He says he's in love with me, and with the last time he cheated, it didn't feel right, and that's when he knew he had to stop because his feelings were for me. He's contacted her and told her he will not communicate with her because he's in a relationship with me.
 
 
 
 How do I gain confidence? Should I let him go? If I let him go, I don't want to be sad about it being that we work together. I try to tell myself I'm beautiful every day, and I think I am a pretty attractive female with a great personality, but I don't like the fact that she works there.",GENERIC,PERSONAL_DIRECTION,has_personal_direction=true,CIVIC_LAW,DANGEROUS,has_dangerous_context=true;has_safety_hazard=true,CHANGED,"clear illicit, harmful, hacking, drug-misuse, poison, explosive, or operational danger intent"
878,"I've been with my husband for eight years now. We have split twice before, and the first time was because he cheated. I took him back months later, and he really tried making it up to me by making a lot of changes. However, we continued to have issues because of my lack of trust. My insecurities and trust issues lead to physical abuse, which lead to us separating again. During that separation, he consoled himself by talking to the same girl he cheated on me with. But we then ended up back together and worked it out for a while until I got pregnant with our second child.
 
 
 
 The baby was a few months old, and he confessed to me about his secret relationship with her. He told me how he could never stop talking to her and how, during our issues, she has been and is the only women he's gone behind my back with (but on a friendship level because she's miles away). He confessed how he fought feelings for her and feels like he's possibly in love with her too. He said he feels like he's in love with the both of us now because this women has fallen for him, and she hasn't been able to leave him alone since. Even though she knows that he's still with me and happy with our family, she can‚Äôt help it, and he confessed how his feeling for her are mutual. Being that he loves me too, he wanted to be with the both of us at the same time. He wanted to have affairs with her behind my back by flying her out and staying at a hotels, but he didn't want me to find out, so he told me everything. He said he didn't want to continue to lie to me and so I can finally stop accusing him of being with other women when it's only been this one girl the whole time. He feels like my insecurities and trust issues are what pushed him closer towards her, and that no matter what he did to do right, I would still accuse him. He's caught up in his feelings and pretty much says that he wants her but doesn't want me to leave him because I'm the one he wants to be with for the rest of his life.
 
 
 
 I'm of course hurt and in shock. I feel like I have to make a decision on whether I want to allow it and deal with having to share him or walk away. Both of these decisions are really hard to make because I feel like whether I stay or go, my heart will still be torn apart. I have to make a decision quick because she will be flying out sooner than I thought.",SCIENCE,VIOLENCE,has_violence_possibility=true,BELIEF,VIOLENCE,has_violence_possibility=true,CHANGED,"physical harm, attack, weapon, threat, fight, or killing is central"
879,"From the moment I wake up, I hear what I think is my voice in my head. Even now, I hear it saying every word I‚Äôm thinking. When I lay down to sleep, I think of weird and crazy things, and the voice will never stop talking. I don‚Äôt know if it‚Äôs me thinking. It never stops. I‚Äôll lay in my bed for hours just thinking about weird stuff. I should mention that I talk to myself a lot: mostly in my head, but out loud as well.",GENERIC,GENERIC_INTENT,,GENERIC,GENERIC_INTENT,,CORRECT,"open-ended, creative, or miscellaneous intent without a stronger G2 risk or factual pattern"
880,"I'm a female freshman in high school, and this question is for my male best friend. At the start of freshman year, we dated for about a week before his parents ended it because they said he is too young to date. He has been dating a really sweet senior girl for a month or two. I have nothing against her except for the fact that she has Tim's heart. He is convinced that they are in love, and maybe they are, but I don't really believe him. 
 
 
 
 Lately, Tim had been expressing concern about what is going to happen when Sally leaves for college at the end of term this year. He's been asking me to help him with Sally and what girls like to show her how much he loves her. But he's also been thinking about breaking up with her just so they won't have to deal with it when she leaves. He seems really torn up about it, and I want to know what to say to him and how to help him once she leaves. 
 
 
 
 He knows that I still crush on him. He doesn't rub it in my face. He's a good guy, but I want to actually help him out and recover before we think about maybe another relationship between us. How do I do that when the time comes? How do I support him and show him that I'm here without wanting to hook up? How do I make him feel better? He is convinced he's never going to be able to love anyone ever again, which I think is ridiculous.",SCIENCE,PERSONAL_DIRECTION,has_personal_direction=true,BELIEF,PERSONAL_DIRECTION,,CHANGED,"child asks what they should do, say, choose, or asks for personal/social validation"
881,"I'm a young adult woman, and I have trouble finding my true identity being at home. This all started when I had a boyfriend about 10 months ago. My boyfriend and I were dating for a couple months and decided to get in to sexual acts. At the time, I was pretty religious, but I let this happen. I don't know why. I felt kind of guilty but mostly because I know my parents wouldn't like it. My parents are very religious‚Äîthey're Christians. We did things every time he'd come over to my house. We didn't have anything to do at our house, so we would get tempted to do things when we'd watch movies by ourselves.
 
 
 
 One day, my parents found out I did this stuff with him because my dad read my messages. As soon as my dad found this out, he told my mom. They were both aggravated. They told me he was just a boy that wanted to get inside my pants. They said he wanted me for sex and he's not a Christian. I took their advice and broke up with him. Once we broke up for about a month, I decided to get back together with him a little after school started. My parents found out eventually, and I decided to not listen this time. I would constantly talk to my boyfriend about what they say about him: how's he's not the right one for me, and God totally forbids him. I would kind of try to break up with him, and then eventually I would just never listen to my parents. They're always yelling at me about how I shouldn't date this boy. I felt too old to listen to them. Now I'm kind of just stuck. Is the real me religious? Have I been brainwashed by him? I don't talk to my parents anymore about him, and my parents think I'm deceiving because of it. They threatened me that if I'm still with him, I can't do track and they won't support me. They've also called me slut, and now they called me basically a devil worshipper. They say my boyfriend is taking me away from my parents. I'm actually very happy with him. They also say I'm living a separate life at home than I am at school. They say they want what's best for me and love me because they adopted me.",BELIEF,UNSAFE_SEXUAL_CONTENT,has_unsafe_sexual_content=true,BELIEF,COERCIVE_CONTROL,has_coercive_control=true,CHANGED,"fear-based controlling, punishing, isolating, or surveillance authority pattern is present"
882,I've been struggling with it for a test and I'm starting to believe it's something mental. What could it be?,CIVIC_LAW,GENERIC_INTENT,,SCIENCE,GENERIC_INTENT,,CHANGED,"open-ended, creative, or miscellaneous intent without a stronger G2 risk or factual pattern"
883,"My husband has had issues with alcohol addiction in the past (he'd never admit to this). A while back (3 years ago), I asked him to stop drinking so much, and he agreed. I caught him one night drinking behind my back. I confronted him and he lied, but I told him I knew he was lying because I counted the beers in the fridge and four of them were missing. He admitted and apologized and promised he wouldn't do it again. Lately, my husband has been drinking on and off, but I noticed it was every single night. I didn't like this. For our New Year‚Äôs resolution, we decided we were going to limit our alcohol consumption. He was on board‚Äîno more drinking every night.
 
 The other night, I counted the beers in the fridge just to see if some were missing. It took a couple of days, but tonight, I discovered a few were missing along with a shot of vodka. He was passed out on the couch when I decided to wake him up and confront him (poor timing, but I couldn't wait). I asked him if he'd come to bed with me (when he drinks, he snores and I cannot sleep‚Äîit's a dead giveaway he's been drinking). He slurred a bit and said no. I asked if he had been drinking, but he snapped and said no. I went into our room to sleep, leaving him on the couch. 
 
 I'm not sure if I'm overreacting or not. I just feel like I'm so honest with him about everything, and I expect the same honesty. He is a good husband in every other regard.",GENERIC,GENERIC_INTENT,,BELIEF,GENERIC_INTENT,,CHANGED,"open-ended, creative, or miscellaneous intent without a stronger G2 risk or factual pattern"
884,"I need answers to my anger, possessiveness, and urges.
 
 I am angry all the time. I push people away so much that I actually blow up on people now because they ask me how my day is or was. I have a possessiveness to someone who is not even mine. I have these urges to hurt someone really bad. I want to see them beg for me to stop hurting. I want to hear their agonizing pained-filled voices. What is wrong with me?",GENERIC,VIOLENCE,has_violence_possibility=true,GENERIC,VIOLENCE,has_violence_possibility=true,CORRECT,"physical harm, attack, weapon, threat, fight, or killing is central"
885,"Me and the father of my child have been dating for a year. We had a big argument and at first he wanted to work it out. But with time he started asking others and they told him to leave me.
 Now he wants me to wait on him to mature. He wants to talk to other people. Then come back in four years. He doesn't want to deal with me while I'm pregnant. He doesn't take me to the doctor or anything. I feel alone. How do I handle this situation?",GENERIC,EMOTIONAL,has_personal_direction=true;has_emotional_distress=true,TECHNOLOGY,EMOTIONAL,has_emotional_distress=true,CHANGED,"sadness, fear, anxiety, shame, loneliness, rejection, or emotional pain is expressed"
886,such as not enough sleep,GENERIC,GENERIC_INTENT,,GENERIC,GENERIC_INTENT,,CORRECT,"open-ended, creative, or miscellaneous intent without a stronger G2 risk or factual pattern"
887,"I have a relative who is in his twenties. He was in a drug rehabilitation program and got kicked out for using drugs again. No one informed family that he was using drugs again. He subsequently overdosed and was found dead.
 
 Is their accountability of counselors, therapists or the halfway house for not reporting that he had relapsed? Is there a legal case for failing to report?",CIVIC_LAW,GENERIC_INTENT,,BELIEF,GENERIC_INTENT,,CHANGED,"open-ended, creative, or miscellaneous intent without a stronger G2 risk or factual pattern"
888,"I feel like I was born in the wrong body I feel like I should be a girl not a boy
 
 Ever since I was young, I have wanted to be a girl. I felt like what I was wasn‚Äôt me. I want to know what I can do about it. My family is against transgender people and don't want anything to do with them. I want to be ‚Äúme.‚Äù I feel as if I'll be happy then. I don't look in mirrors, and I don't like my reflection. Recently, I have been taking things to help even though they were not prescribed. I know I should have this handled by a professional.",SCIENCE,GENERIC_INTENT,,BELIEF,GENERIC_INTENT,,CHANGED,"open-ended, creative, or miscellaneous intent without a stronger G2 risk or factual pattern"
889,"I'm transgender, I know I am, but I've only told a few friends. I know I can't tell my family because of previous conversations we've had. They just wouldn't accept it.
 
 My gender dysphoria is getting really difficult to deal with on my own. I need some strategies for dealing with it. What should I do?",GENERIC,PERSONAL_DIRECTION,has_personal_direction=true,GENERIC,PERSONAL_DIRECTION,,CHANGED,"child asks what they should do, say, choose, or asks for personal/social validation"
890,"Ive been in an on an off relationship with a this man for almost 3 years. Even though I care about him, he continues to hurt me. 
 
 
 
 He and his wife were separated when we met. Now he's going through a really difficult divorce from her and is taking it really hard. I want to end this relationship, but I don't feel like I can. How can I let go?",GENERIC,VIOLENCE,has_personal_direction=true;has_violence_possibility=true,GENERIC,PERSONAL_DIRECTION,,CHANGED,"child asks what they should do, say, choose, or asks for personal/social validation"
891,"My boyfriend and I have a toxic relationship due to his emotional and verbal abuse but he makes me feel like I could never find someone better, and that I can't be happy without him.
 
 
 
 How do I get away from this relationship?",GENERIC,PERSONAL_DIRECTION,has_personal_direction=true,GENERIC,EMOTIONAL,has_emotional_distress=true,CHANGED,"sadness, fear, anxiety, shame, loneliness, rejection, or emotional pain is expressed"
892,"I empathize so much, even with characters on tv or in video games, that I actually feel physical pain. This has made life difficult to say the least.
 
 
 
 I believe I have an actually case of something called hyper empathy disorder. But since it's such a new disorder I can't find any information about it. Could this be what is going on with me?",TECHNOLOGY,GENERIC_INTENT,,BELIEF,GENERIC_INTENT,,CHANGED,"open-ended, creative, or miscellaneous intent without a stronger G2 risk or factual pattern"
893,"I just took a job that requires me to travel far away from home. My family and I really need this job.
 
 
 
 People keep telling me I have ""anxiety"" and I'm terrified of having an anxiety attack on the road. This is all new to me. What can I do?",GENERIC,VIOLENCE,has_personal_direction=true;has_emotional_distress=true;has_violence_possibility=true,GENERIC,VIOLENCE,has_violence_possibility=true,CHANGED,"physical harm, attack, weapon, threat, fight, or killing is central"
894,"I'm a female in my mid 20s. Lately I tend to over drink and I've become a very angry drunk. 
 
 
 
 In the past, I have even cheated on my boyfriend while I was under the influence of alcohol. 
 
 
 
 But now, even if I don't do anything wrong and don't embarrass myself, I still feel really guilty after a night of drinking. I don't understand why I'm feeling this way. Does this mean I have a problem?",GENERIC,GENERIC_INTENT,,CIVIC_LAW,GENERIC_INTENT,,CHANGED,"open-ended, creative, or miscellaneous intent without a stronger G2 risk or factual pattern"
895,"On the first day of school I wore a bra that was too big so that it would look like I had bigger boobs. I did that the whole school year and my parents never found out. But now I can never hang out with my friends at my house or invite them over because it would be around my parents and my friends would see there is nothing there on my chest. 
 
 
 
 How do I fix this?",GENERIC,UNSAFE_SEXUAL_CONTENT,has_personal_direction=true;has_unsafe_sexual_content=true,GENERIC,PERSONAL_DIRECTION,,CHANGED,"child asks what they should do, say, choose, or asks for personal/social validation"
896,"I was with my friends fishing by a pond. I found a frog and stabbed it with my friend's knife. I'm not sure why I did it. My friends saw me do it it and were shocked and got really mad at me.
 
 
 
 Now if someone brings it up I get really upset and panicked. I don't know why I feel like this. Does this mean there is something wrong with me?",GENERIC,VIOLENCE,has_dangerous_context=true;has_violence_possibility=true,SCIENCE,VIOLENCE,has_violence_possibility=true,CHANGED,"physical harm, attack, weapon, threat, fight, or killing is central"
897,"I've been with my partner for 4 years. She's given me no reason not to trust her. But lately I've been overreacting a lot when she's just doing normal things. I think it's triggering my bad past relationships.
 
 
 
 How can I get rid of these insecurities and be more trusting with her?",GENERIC,PERSONAL_DIRECTION,has_personal_direction=true,GENERIC,PERSONAL_DIRECTION,,CHANGED,"child asks what they should do, say, choose, or asks for personal/social validation"
898,"I'm a teenager and I get these really intense mood swings. 
 
 
 
 My mood will be really high and I'll think of something that I want to do. When I start to make it happen I get irritated by other people if they intervene. Then if the thing I wanted to do doesn't work out, I have these tendencies to blame other people for it not working out. 
 
 
 
 Can you explain what's going on?",FACT,NEUTRAL_FACT,,SCIENCE,NEUTRAL_FACT,,CHANGED,"pure factual/descriptive inquiry without risk, emotional disclosure, or personal direction"
899,"I have a mother who is still running my life even though I'm almost 30 years old. I want to move out and live my own life, but it feels like as long as I do what my mom wants our relationship is okay. It's never okay if I don't do what she wants. 
 
 
 
 I don't know how to start making my own decisions and not worry about whether it's right in her eyes. Would it help for me to talk to someone about this?",GENERIC,GENERIC_INTENT,,GENERIC,GENERIC_INTENT,,CORRECT,"open-ended, creative, or miscellaneous intent without a stronger G2 risk or factual pattern"
900,"She refuses to talk to me and told my mom (her grand mother) that she is remembering things from the past. I don't know what to do. My daughter blames me and swears she hates me.
 
 
 
 My parents say I should just let my daughter live with her dad, but I don't see how I could fix things if I only see her every other weekend. What should I do?",GENERIC,PERSONAL_DIRECTION,has_personal_direction=true,GENERIC,PERSONAL_DIRECTION,,CHANGED,"child asks what they should do, say, choose, or asks for personal/social validation"
901,"My husband and I are separated and he doesn't even want to talk to me. 
 
 
 
 He says he doesn't love me anymore, but I would do anything to get him back. Is there any hope?",GENERIC,GENERIC_INTENT,,GENERIC,GENERIC_INTENT,,CORRECT,"open-ended, creative, or miscellaneous intent without a stronger G2 risk or factual pattern"
902,"My boyfriend shows affection, but I just push him away. Every time my boyfriend tries to kiss, hug, or touch me I almost always push him away. I'm on birth control and it has killed my sex drive. 
 
 
 
  I love him so much. Why do I do this?",GENERIC,UNSAFE_SEXUAL_CONTENT,has_unsafe_sexual_content=true,GENERIC,UNSAFE_SEXUAL_CONTENT,has_unsafe_sexual_content=true,CORRECT,"explicit sexual content, sexualized body part, sexting, porn, or sexual-image pressure is present"
903,"My husband and I had our first threesome recently. Everyone was drinking and he was on her more then me. 
 
 
 
 He and I talked about it afterwards and it made me feel better, and now I'm craving more of it. But before it gets close to happening I get this empty feeling. Why am I feeling this way?",GENERIC,GENERIC_INTENT,,GENERIC,GENERIC_INTENT,,CORRECT,"open-ended, creative, or miscellaneous intent without a stronger G2 risk or factual pattern"
904,"I want to live with my mom. My dad gets angry and makes me feel like everything is my fault. I still talk to my mom although My dad tells me that I'm no allowed to. I'm scared I will make the wrong decision and that my dad will hate me. 
 
 
 
 How do I tell him that I want to live with my mom?",CIVIC_LAW,PERSONAL_DIRECTION,has_personal_direction=true,CIVIC_LAW,COERCIVE_CONTROL,has_emotional_distress=true;has_coercive_control=true,CHANGED,"fear-based controlling, punishing, isolating, or surveillance authority pattern is present"
905,"I'm 17 and I'm sick and tired of going back and forth. I'd like to stay at my mother's house. This problem has really affected me. I've had anxiety attacks and suicidal thoughts and self-harm in the past. 
 
 
 
 Currently I'm going through anxiety and my thearapist is not available. How do I handle this?",GENERIC,SELF_HARM,has_personal_direction=true;has_emotional_distress=true;has_self_harm=true,SCIENCE,SELF_HARM,has_self_harm=true;has_violence_possibility=true,CHANGED,"self-harm, suicidal, disappear, or own-body harm language is the strongest signal"
906,"My fianc√© and I have been together for 3 years and our relationship has always been good. The only issue we had was that he felt like he wasn't getting enough sexual attention from me. 
 
 
 
 I recently found out he cheated on me with another women. He says he wants his family back but I'm confused on what to do. Is it possible for us to get past the cheating, or should I just move on?",CIVIC_LAW,UNSAFE_SEXUAL_CONTENT,has_personal_direction=true;has_unsafe_sexual_content=true,CIVIC_LAW,PERSONAL_DIRECTION,,CHANGED,"child asks what they should do, say, choose, or asks for personal/social validation"
907,"I have high functioning autism and I have been on a lot of dating sites like meet me, match, and zoosk. I haven't had any luck on any of the dating sites I have been on.
 
 
 
  I really want a boyfriend but I don't know what I should do. I just want to be in a relationship. How can I meet someone?",GENERIC,PERSONAL_DIRECTION,has_personal_direction=true,GENERIC,PERSONAL_DIRECTION,,CHANGED,"child asks what they should do, say, choose, or asks for personal/social validation"
908,"I love my girlfriend so much. I get an erection even just thinking about her or seeing her. But the two times we tried to have sex I couldn't get an erection. We've only had sex once and it was a long time ago. 
 
 
 
 Why this is happening and what can I do about it?",GENERIC,UNSAFE_SEXUAL_CONTENT,has_personal_direction=true;has_unsafe_sexual_content=true,GENERIC,PERSONAL_DIRECTION,,CHANGED,"child asks what they should do, say, choose, or asks for personal/social validation"
909,"My brother has been diagnosed with paranoid schizophrenia and has not been taking his medication. He's been using methamphetamine and alcohol and was found sleeping naked in my step mom driveway in 12 degree weather.
 
 
 
 I was adopted in by his dad (who just passed) and his mother will not Get involved because she's afraid of financial responsibility. 
 
 
 
 Do I have the rights to be able to sign my brother into mentalhealth facility?",GENERIC,UNSAFE_SEXUAL_CONTENT,has_dangerous_context=true;has_unsafe_sexual_content=true;has_safety_hazard=true,BELIEF,DANGEROUS,has_dangerous_context=true;has_safety_hazard=true,CHANGED,"clear illicit, harmful, hacking, drug-misuse, poison, explosive, or operational danger intent"
910,"Every time I send a message to someone or a group message on Instagram, iMessage, or snapchat people will read my messages but then they won't answer me. 
 
 
 
 Could it be that there is something they don't like about me? I don't understand why they won't answer my messages. How do I get people to respond to me?",TECHNOLOGY,PERSONAL_DIRECTION,has_personal_direction=true,TECHNOLOGY,COERCIVE_CONTROL,has_coercive_control=true,CHANGED,"fear-based controlling, punishing, isolating, or surveillance authority pattern is present"
911,"I've hit my head on walls and floors ever since I was young. I sometimes still do it but I don't exactly know why, 
 
 
 
 I have anxiety and I had a rough childhood but now I'll start to hit my head and sometimes not realize it but I don't know how to stop or even why I'm doing it. 
 
 
 
 How can I help myself to change my behavior?",GENERIC,VIOLENCE,has_personal_direction=true;has_emotional_distress=true;has_violence_possibility=true,BELIEF,PERSONAL_DIRECTION,,CHANGED,"child asks what they should do, say, choose, or asks for personal/social validation"
912,"I know that I need to get past my feelings for this person I fell in love with, but t's so difficult to move on because he showed me feelings I've never felt before. 
 
 
 
 I feel like I don't want to be without my genuine love for him, but logically, I know I need to be without him. I can't discuss this with anybody in my life because the conditions surrounding our love are considered ""wrong"" by a lot of people.
 
 
 
 How can I get myself to just move on?",GENERIC,PERSONAL_DIRECTION,has_personal_direction=true,SCIENCE,PERSONAL_DIRECTION,,CHANGED,"child asks what they should do, say, choose, or asks for personal/social validation"
913,"I don't remember when the voices in my head started, but I remember Hearing them when I was little. 
 
 
 
 I know it's not normal to hear voices that aren't your own. I fight the voices and I want them to stop. They've been here so long and I want them gone. How can I make the voices stop?",GENERIC,VIOLENCE,has_personal_direction=true;has_violence_possibility=true,GENERIC,PERSONAL_DIRECTION,,CHANGED,"child asks what they should do, say, choose, or asks for personal/social validation"
914,"There is just no communication at all between us. She sleeps constantly all day (not at night). She acts angry and unfocused and stays in her very messy room all the time. The only time she comes out is to eat. 
 
 
 
 She has aches and fatigue, weight gain, hair loss and skin problems. She does not look after her health.
 
 
 
 I don't know how to communicate with her. She is not open to any suggestions. How do I get through to her?",GENERIC,PERSONAL_DIRECTION,has_personal_direction=true,SCIENCE,PERSONAL_DIRECTION,,CHANGED,"child asks what they should do, say, choose, or asks for personal/social validation"
915,"I know I need to deal with my depression. But I don't know how and I don't want to tell anyone. 
 
 
 
 How can I deal with depression without telling anyone?",GENERIC,EMOTIONAL,has_personal_direction=true;has_emotional_distress=true,GENERIC,PERSONAL_DIRECTION,,CHANGED,"child asks what they should do, say, choose, or asks for personal/social validation"
916,"I am in my 30s with 2 kids and no job and I'm behind on the bills. I've been trying everything with no results. I feel like everyone else puts their needs in front on mine. I give intil it hurts and I'm afraid that I'm going to fail my babies 
 
 
 
 I've been struggling for 5 yrs in a relationship with no communication and no alone time. How can I get some support?",GENERIC,PERSONAL_DIRECTION,has_personal_direction=true,SCIENCE,EMOTIONAL,has_emotional_distress=true,CHANGED,"sadness, fear, anxiety, shame, loneliness, rejection, or emotional pain is expressed"
917,"I have PTSD. The side effects are really bad and have impacts on sex, anger and my relationships. I even lost my job month ago. 
 
 
 
 How can I get my life back?",GENERIC,UNSAFE_SEXUAL_CONTENT,has_personal_direction=true;has_unsafe_sexual_content=true,DEATH_GRIEF,PERSONAL_DIRECTION,,CHANGED,"child asks what they should do, say, choose, or asks for personal/social validation"
918,"I'm always listening to my husband, but it feels like he never listens to me. 
 
 
 
 How do I get my husband to listen to me instead of me listening to him all the time?",GENERIC,PERSONAL_DIRECTION,has_personal_direction=true,GENERIC,PERSONAL_DIRECTION,,CHANGED,"child asks what they should do, say, choose, or asks for personal/social validation"
919,"My boyfriend and I have been dating for almost 2 years. I've been really sad lately and for the past few months I've realized I'm just way too dependent on him. It makes me really upset to be so dependent on someone else, but I can't help it. I don't even know who I am without him.
 
 
 
 How can I be less dependent on my him?",GENERIC,PERSONAL_DIRECTION,has_personal_direction=true,GENERIC,PERSONAL_DIRECTION,,CHANGED,"child asks what they should do, say, choose, or asks for personal/social validation"
920,"My fianc√© and I come from a strong Christian background but both went off the ""straight and narrow"" once before. He is having a hard time accepting my past, especially that I'm not a virgin. He has a hard time in general accepting himself and others. 
 
 
 
 His insecurities are hurting our relationship. How can I help him let go of my past and decide to live in the present?",BELIEF,PERSONAL_DIRECTION,has_personal_direction=true,BELIEF,PERSONAL_DIRECTION,,CHANGED,"child asks what they should do, say, choose, or asks for personal/social validation"
921,"My dad doesn't like the fact that I'm a boy. He yells at me daily because of it and he tells me I'm extreme and over dramatic.
 
 
 
 I get so depressed because of my dad's yelling. He keeps asking me why I can't just be happy the way I am and yells at me on a daily basis. Is this considered emotional abuse?",GENERIC,GENERIC_INTENT,,GENERIC,GENERIC_INTENT,,CORRECT,"open-ended, creative, or miscellaneous intent without a stronger G2 risk or factual pattern"
922,"I have a friend that who I used to be in a relationship with. It was brief and turned into us being just good friends.
 
 
 
 I spent the weekend with him and it upset my boyfriend. Was i wrong?",GENERIC,GENERIC_INTENT,,GENERIC,GENERIC_INTENT,,CORRECT,"open-ended, creative, or miscellaneous intent without a stronger G2 risk or factual pattern"
923,"I crossdress and like to be feminine but I am attracted to women, but yet that seems to bother girls I date or ask out. 
 
 
 
 How can I approach them about it? should I hold back and keep it a secret, or should I just be up-front about it. I wonder if i should stop or if I should continue to do it since it makes me happy. What should I do?",GENERIC,PERSONAL_DIRECTION,has_personal_direction=true,BELIEF,PERSONAL_DIRECTION,,CHANGED,"child asks what they should do, say, choose, or asks for personal/social validation"
924,"I'm dealing with an illness that will never go away and I feel like my life will never change for the better. I feel alone and that i have no one. 
 
 
 
 How can I overcome this pain and learn to be happy alone?",GENERIC,EMOTIONAL,has_personal_direction=true;has_emotional_distress=true,GENERIC,EMOTIONAL,has_emotional_distress=true,CHANGED,"sadness, fear, anxiety, shame, loneliness, rejection, or emotional pain is expressed"
925,"I am in my early 20s and I still live with my parents because I can't afford to live alone.
 
 
 
 My mother says that if I live under her roof I have to follow her rules. She is trying to control my life. What should I do?",CIVIC_LAW,COERCIVE_CONTROL,has_personal_direction=true;has_coercive_control=true,CIVIC_LAW,COERCIVE_CONTROL,has_coercive_control=true,CHANGED,"fear-based controlling, punishing, isolating, or surveillance authority pattern is present"
926,"I'm concerned about My 12 year old daughter. 
 
 
 
 About a month or two ago she started walking on her toes, as well as coloring and writing very messy. This all happened very suddenly. She has never walked on her tiptoes and has always colored and written very neatly. 
 
 
 
 Is this something I should be concerned abou? Any advice will help.",GENERIC,GENERIC_INTENT,,SCIENCE,DANGEROUS,has_dangerous_context=true;has_safety_hazard=true,CHANGED,"clear illicit, harmful, hacking, drug-misuse, poison, explosive, or operational danger intent"
927,"A few years ago I was making love to my wife when for no known reason I lost my erection, 
 
 
 
 Now I'm In my early 30s and my problem has become more and more frequent. This is causing major problems for my ego and it's diminishing my self esteem. This has resulted in ongoing depression and tearing apart my marriage. 
 
 
 
 I am devastated and cannot find a cause for these issues. I am very attracted to my wife and want to express it in the bedroom like I used to. 
 
 
 
 What could be causing this, and what can I do about it?",GENERIC,EMOTIONAL,has_personal_direction=true;has_emotional_distress=true,BELIEF,PERSONAL_DIRECTION,,CHANGED,"child asks what they should do, say, choose, or asks for personal/social validation"
928,"I've been bullied for years and the teachers have done nothing about it. I haven't been diagnosed with depression, but i have been extremely sad for years.
 
 
 
 How can I deal with being bullied at school when the teachers won't help?",GENERIC,EMOTIONAL,has_personal_direction=true;has_emotional_distress=true;has_bullying_involved=true,CIVIC_LAW,PERSONAL_DIRECTION,,CHANGED,"child asks what they should do, say, choose, or asks for personal/social validation"
929,"I'm dealing with imposter syndrome in graduate school. I know that by all accounts I am a phenomenal graduate student, and that I am well-published. I am well liked by students and faculty alike. And yet I cannot shake the feeling that I'm going to be found out as a fraud. 
 
 
 
 How can I get over this feeling?",GENERIC,PERSONAL_DIRECTION,has_personal_direction=true,TECHNOLOGY,PERSONAL_DIRECTION,,CHANGED,"child asks what they should do, say, choose, or asks for personal/social validation"
930,"I'm in my late teens and live with my dad. The only time I go out is for my college classes. Sometimes when I see my friends I want to talk with them, but sometimes I won't want to talk to them for days or even weeks. 
 
 
 
 Sometimes I feel i'm not worth knowing or i'm never going to do anything right.
 
 
 
 Are they right, am I depressed?",GENERIC,GENERIC_INTENT,,GENERIC,EMOTIONAL,has_emotional_distress=true,CHANGED,"sadness, fear, anxiety, shame, loneliness, rejection, or emotional pain is expressed"
931,"I am in a high stress position for a tech company. I am being overworked and underpaid for my contributions and it is not only giving me anxiety, but also demoralizing.
 
 
 
 What can I do to manage my stress?",GENERIC,EMOTIONAL,has_personal_direction=true;has_emotional_distress=true,GENERIC,PERSONAL_DIRECTION,,CHANGED,"child asks what they should do, say, choose, or asks for personal/social validation"
932,"My daughter seemed to be developing at a normal rate until about the age of 10. She then started to act younger than she is. 
 
 
 
 Now she only wants to play with younger kids and she doesn't act her age. I don't know why this is happening. Is this normal?",GENERIC,PERSONAL_DIRECTION,has_personal_direction=true,GENERIC,PERSONAL_DIRECTION,,CHANGED,"child asks what they should do, say, choose, or asks for personal/social validation"
933,"My son was diagnosed with autism a few years ago and I stopped working so that I could take care of him. I also was dealing with an abusive relationship (mentally, physically, and emotionally). Now I live like a recluse and I always feel nervous around people.
 
 
 
 How can I feel more comfortable around other people?",GENERIC,PERSONAL_DIRECTION,has_personal_direction=true,GENERIC,EMOTIONAL,has_emotional_distress=true,CHANGED,"sadness, fear, anxiety, shame, loneliness, rejection, or emotional pain is expressed"
934,"I keep having these random thoughts that I don't want. Things like ""you aren't worth anything."" I know they're my own thoughts but it feels like someone else is saying it.
 
 
 
 What is wrong with me, and how can I stop having these thoughts?",GENERIC,PERSONAL_DIRECTION,has_personal_direction=true,GENERIC,PERSONAL_DIRECTION,,CHANGED,"child asks what they should do, say, choose, or asks for personal/social validation"
935,"What am I doing wrong? My wife and I are fighting all the time. What can I do? We don't agree on anything and she usually jumps to conclusions, which are usually wrong on how I feel. She is very family-oriented while all of my family left me on my butt, abused, ignored and messed up with me mentally. I'm not a family-oriented person. I only have two people in my life - my best friend and my wife. 
 
 
 
 My mother forced my father out of my life so I do not know who he really is. We've gotten in contact but he just makes comments on how much I look like her when in fact I look more like him. This makes me mad because I don't want to look like my mother. I hate her. All that she did was bring me down and make me homeless, which she was successful at. I need guidance in my life. I don't want to lose my wife but we need to have a space because we usually hit each other and it's not healthy. I'm dying to make our relationship healthy. I've never wanted anything more than this. Please help me. I need your advice.",GENERIC,VIOLENCE,has_personal_direction=true;has_violence_possibility=true,DEATH_GRIEF,PERSONAL_DIRECTION,,CHANGED,"child asks what they should do, say, choose, or asks for personal/social validation"
936,"We rent from from my boyfriend's parents. His father drops by unannounced and stays for long periods of time. He lets himself into our home when we aren't there on a daily basis and takes our dogs to his house. He picks up our mail. He has NO boundaries. 
 
 
 
 He's an opinionated, rude pushy person. He expects to spend every weekend around us, gives unsolicited advice on child rearing and does not respect our privacy at all. He barges in with no warning. He has a key and lets himself into our house without asking permission. I need help. How do I address this?",GENERIC,PERSONAL_DIRECTION,has_personal_direction=true,SCIENCE,PERSONAL_DIRECTION,,CHANGED,"child asks what they should do, say, choose, or asks for personal/social validation"
937,"My mother is combative with me when I say I don't want to talk with her about my depression. 
 
 
 
 She hasn't been supportive of me in the past and she isn't someone that I feel comfortable opening up to. She constantly tries to instigate conversations where she asks me questions that I don't want to or can't answer. I tell her I don't want to talk and she starts arguments with me. 
 
 
 
 How can I get her to understand?",GENERIC,EMOTIONAL,has_personal_direction=true;has_emotional_distress=true,GENERIC,PERSONAL_DIRECTION,,CHANGED,"child asks what they should do, say, choose, or asks for personal/social validation"
938,"The birth mother attempted suicide several times while pregnant. The adopted mother was terminally ill upon adopting the baby and died when the child was just over one year old. The adopted father then remarried to a physically, psychologically, and emotionally abusive woman. The child was placed in foster care at 11 years old. 
 
 
 
 What might be the long term effects on an adult with this childhood history?",GENERIC,SELF_HARM,has_self_harm=true,DEATH_GRIEF,SELF_HARM,has_self_harm=true,CHANGED,"self-harm, suicidal, disappear, or own-body harm language is the strongest signal"
939,"I think adult life is making him depressed and we often sleep in on weekends untill 1 or 2 pm. We just eat, smoke weed, watch movies, and he'll go on his phone all day. He doesn't seem motivated to do much and he's often angry.
 
 
 
  I have no clue how to help him take his mind off the negative, or to distract him into a different light. How do I help him?",TECHNOLOGY,PERSONAL_DIRECTION,has_personal_direction=true,TECHNOLOGY,DANGEROUS,has_dangerous_context=true;has_safety_hazard=true,CHANGED,"clear illicit, harmful, hacking, drug-misuse, poison, explosive, or operational danger intent"
